#"+ESI EIC(203.1794, 205.1950, 221.1899, 227.1776 ...) Scan s010_m001.d "
#Point,X(Minutes),Y(Counts)
0,0.045,320.682281494141
1,0.052,1023.37731933594
2,0.066,0
3,0.079,347.940338134766
4,0.093,568.13818359375
5,0.106,526.836486816406
6,0.120,734.821350097656
7,0.134,575.850708007813
8,0.147,545.582824707031
9,0.161,1902.82373046875
10,0.174,542.174377441406
11,0.188,1093.50268554688
12,0.201,1464.83227539063
13,0.215,0
14,0.229,0
15,0.242,699.949951171875
16,0.256,1601.13781738281
17,0.269,1517.38598632813
18,0.283,965.254943847656
19,0.297,913.136901855469
20,0.310,1098.91711425781
21,0.324,226.105102539063
22,0.337,0
23,0.351,984.817565917969
24,0.365,2359.02661132813
25,0.378,525.081420898438
26,0.392,570.669799804688
27,0.405,1262.67260742188
28,0.419,594.525939941406
29,0.432,441.227416992188
30,0.446,780.945068359375
31,0.460,327.632843017578
32,0.473,1901.2705078125
33,0.487,998.5791015625
34,0.500,572.762939453125
35,0.514,539.774169921875
36,0.528,1112.80847167969
37,0.541,262.56689453125
38,0.555,218.021545410156
39,0.568,914.761840820313
40,0.582,656.710083007813
41,0.596,697.936889648438
42,0.609,289.377166748047
43,0.623,761.664306640625
44,0.636,780.036315917969
45,0.650,283.005554199219
46,0.664,283.3916015625
47,0.677,1175.52770996094
48,0.691,858.076049804688
49,0.704,1227.5576171875
50,0.718,1173.51049804688
51,0.731,459.661376953125
52,0.745,289.669189453125
53,0.759,1526.09582519531
54,0.772,769.396057128906
55,0.786,0
56,0.799,677.794738769531
57,0.813,546.102722167969
58,0.827,469.471557617188
59,0.840,1612.78991699219
60,0.854,751.446899414063
61,0.867,3151.69897460938
62,0.881,380.440093994141
63,0.895,1160.7177734375
64,0.908,339.254455566406
65,0.922,1404.81726074219
66,0.935,338.350006103516
67,0.949,512.453186035156
68,0.962,698.583374023438
69,0.976,691.0703125
70,0.990,2293.982421875
71,1.003,1427.72937011719
72,1.017,1006.87518310547
73,1.030,859.889953613281
74,1.044,980.546997070313
75,1.058,1442.12097167969
76,1.071,982.094543457031
77,1.085,1800.46459960938
78,1.098,353.187957763672
79,1.112,2674.91748046875
80,1.126,1098.46533203125
81,1.139,1494.66271972656
82,1.153,209.601470947266
83,1.166,1369.68823242188
84,1.180,820.041015625
85,1.193,692.427612304688
86,1.207,1018.02020263672
87,1.221,1731.09887695313
88,1.234,282.081298828125
89,1.248,1419.17993164063
90,1.261,856.023193359375
91,1.275,671.735656738281
92,1.289,235.6328125
93,1.302,2037.580078125
94,1.316,1075.37280273438
95,1.329,1255.26989746094
96,1.343,1715.39721679688
97,1.357,2743.16333007813
98,1.370,671.059692382813
99,1.384,0
100,1.397,1829.1640625
101,1.411,1539.97302246094
102,1.424,1266.14086914063
103,1.438,0
104,1.452,2217.31860351563
105,1.465,821.525756835938
106,1.479,423.57470703125
107,1.492,1497.60107421875
108,1.506,1013.42858886719
109,1.520,1743.39172363281
110,1.533,278.729675292969
111,1.547,1675.56616210938
112,1.560,547.362365722656
113,1.574,641.385559082031
114,1.588,1537.93762207031
115,1.601,630.649963378906
116,1.615,400.585357666016
117,1.628,1523.42211914063
118,1.642,2078.12451171875
119,1.655,2381.61767578125
120,1.669,1126.50231933594
121,1.683,797.792114257813
122,1.696,584.920776367188
123,1.710,312.311248779297
124,1.723,4628.5234375
125,1.737,6100.43896484375
126,1.751,2899.13354492188
127,1.764,2326.37939453125
128,1.778,991.849487304688
129,1.791,1972.74377441406
130,1.805,8903.3447265625
131,1.819,54864.296875
132,1.832,123044.515625
133,1.846,74435.578125
134,1.859,42239.0625
135,1.873,59261.01171875
136,1.887,35327.4609375
137,1.900,17472.056640625
138,1.914,10061.06640625
139,1.927,6540.48828125
140,1.941,5113.37109375
141,1.954,1042.17358398438
142,1.968,2021.21850585938
143,1.982,945.027465820313
144,1.995,1852.40161132813
145,2.009,3320.0478515625
146,2.022,3026.48779296875
147,2.036,3976.02001953125
148,2.050,5119.5888671875
149,2.063,7072.88916015625
150,2.077,4120.83203125
151,2.090,3915.98559570313
152,2.104,4974.9873046875
153,2.118,6062.28662109375
154,2.131,2869.48706054688
155,2.145,3203.66137695313
156,2.158,3812.43090820313
157,2.172,5104.044921875
158,2.185,6530.75341796875
159,2.199,4462.6826171875
160,2.213,7095.1025390625
161,2.226,9995.03515625
162,2.240,3332.13427734375
163,2.253,5774.70361328125
164,2.267,5310.42138671875
165,2.281,3321.982421875
166,2.294,6374.44580078125
167,2.308,5074.6513671875
168,2.321,3446.41137695313
169,2.335,27386.28125
170,2.349,33057.41015625
171,2.362,17838.7578125
172,2.376,10819.0498046875
173,2.389,4475.39794921875
174,2.403,7660.087890625
175,2.416,10835.1611328125
176,2.430,13355.3701171875
177,2.444,7565.04833984375
178,2.457,7098.6552734375
179,2.471,6501.802734375
180,2.484,8598.03515625
181,2.498,7050.65625
182,2.512,7306.5478515625
183,2.525,4665.22265625
184,2.539,7794.5234375
185,2.552,6773.677734375
186,2.566,8606.140625
187,2.580,5836.98193359375
188,2.593,6502.85498046875
189,2.607,7265.0244140625
190,2.620,13471.20703125
191,2.634,85087.0234375
192,2.647,96459.265625
193,2.661,68290.6640625
194,2.675,51417.68359375
195,2.688,44797.5390625
196,2.702,29247.392578125
197,2.715,13390.9736328125
198,2.729,15322.701171875
199,2.743,75243.4375
200,2.756,109398.1171875
201,2.770,68840.7109375
202,2.783,32651.96484375
203,2.797,23068.357421875
204,2.811,12537.0390625
205,2.824,13955.75
206,2.838,12138.220703125
207,2.851,8768.921875
208,2.865,8133.45703125
209,2.879,7610.12744140625
210,2.892,14196.23046875
211,2.906,8743.54296875
212,2.919,10628.1328125
213,2.933,8507.822265625
214,2.947,9965.9921875
215,2.960,6663.2548828125
216,2.974,2997.55419921875
217,2.987,1844.24182128906
218,3.001,1166.93994140625
219,3.014,3435.787109375
220,3.028,1323.23278808594
221,3.042,1870.71472167969
222,3.055,2872.34790039063
223,3.069,1347.83520507813
224,3.082,1692.57531738281
225,3.096,3033.947265625
226,3.110,13589.087890625
227,3.123,10520.0546875
228,3.137,15929.109375
229,3.150,18055.7265625
230,3.164,15413.9765625
231,3.178,11778.52734375
232,3.191,12062.5908203125
233,3.205,12578.0986328125
234,3.218,6860.4873046875
235,3.232,9574.431640625
236,3.245,7357.6962890625
237,3.259,7873.9326171875
238,3.273,9063.69140625
239,3.286,7219.6162109375
240,3.300,11383.44140625
241,3.313,5835.2529296875
242,3.327,10753.8671875
243,3.341,9170.970703125
244,3.354,11160.2177734375
245,3.368,8092.6923828125
246,3.381,8899.3994140625
247,3.395,8996.150390625
248,3.409,8392.740234375
249,3.422,9949.689453125
250,3.436,9450.376953125
251,3.449,9289.3046875
252,3.463,8179.93359375
253,3.476,5578.76123046875
254,3.490,10155.4443359375
255,3.504,8618.8466796875
256,3.517,8667.0263671875
257,3.531,9221.6923828125
258,3.544,8948.689453125
259,3.558,6932.087890625
260,3.572,5841.7802734375
261,3.585,10076.8505859375
262,3.599,9727.103515625
263,3.612,8192.48046875
264,3.626,14488.1953125
265,3.640,9697.49609375
266,3.653,10317.1826171875
267,3.667,11804.435546875
268,3.680,11531.4453125
269,3.694,12961.17578125
270,3.707,10427.0390625
271,3.721,13738.025390625
272,3.735,13152.17578125
273,3.748,13813.029296875
274,3.762,14532.767578125
275,3.775,15867.2607421875
276,3.789,14254.91015625
277,3.803,15801.841796875
278,3.816,15970.4990234375
279,3.830,16416.75390625
280,3.843,18040.43359375
281,3.857,13047.236328125
282,3.871,16767.109375
283,3.884,13803.275390625
284,3.898,14852.810546875
285,3.911,11195.607421875
286,3.925,10249.6298828125
287,3.938,15161.396484375
288,3.952,15065.982421875
289,3.966,15499.8115234375
290,3.979,15038.34375
291,3.993,13867.93359375
292,4.006,14533.958984375
293,4.020,10754.9140625
294,4.034,18098.599609375
295,4.047,14710.107421875
296,4.061,12678.373046875
297,4.074,16490.7421875
298,4.088,11662.41015625
299,4.102,13717.546875
300,4.115,12095.4794921875
301,4.129,14959.337890625
302,4.142,11248.5283203125
303,4.156,12297.375
304,4.170,16274.50390625
305,4.183,11895.19140625
306,4.197,14091.892578125
307,4.210,14073.927734375
308,4.224,15222.75390625
309,4.237,14567.873046875
310,4.251,10770.787109375
311,4.265,15642.6728515625
312,4.278,14856.14453125
313,4.292,20221.162109375
314,4.305,22218.546875
315,4.319,19984.65234375
316,4.333,17217
317,4.346,10054.4833984375
318,4.360,15504.841796875
319,4.373,20839.521484375
320,4.387,14116.40625
321,4.401,13240.8359375
322,4.414,15936.373046875
323,4.428,12847.578125
324,4.441,15689.931640625
325,4.455,14890.328125
326,4.468,15487.8046875
327,4.482,13469.3662109375
328,4.496,15658.884765625
329,4.509,14108.51953125
330,4.523,17266.66015625
331,4.536,16635.73828125
332,4.550,13531.3095703125
333,4.564,16007.2080078125
334,4.577,17385.7421875
335,4.591,17971.333984375
336,4.604,16385.4453125
337,4.618,19113.837890625
338,4.632,19969.89453125
339,4.645,11628.984375
340,4.659,15345.5322265625
341,4.672,20332.966796875
342,4.686,16983.49609375
343,4.699,17553.259765625
344,4.713,22863.359375
345,4.727,19793.83984375
346,4.740,19201.724609375
347,4.754,11928.6650390625
348,4.767,15503.7822265625
349,4.781,15816.982421875
350,4.795,13761.880859375
351,4.808,11012.431640625
352,4.822,20500.5625
353,4.835,19811.19921875
354,4.849,19105.84765625
355,4.863,16519.99609375
356,4.876,14839.7412109375
357,4.890,14409.19140625
358,4.903,17604.25
359,4.917,14347.7333984375
360,4.930,16347.3525390625
361,4.944,12353.771484375
362,4.958,10622.3076171875
363,4.971,11899.2138671875
364,4.985,15368.625
365,4.998,14155.7685546875
366,5.012,16129.9521484375
367,5.026,15293.142578125
368,5.039,12082.1025390625
369,5.053,15712.7236328125
370,5.066,15615.794921875
371,5.080,13621.966796875
372,5.094,16700.822265625
373,5.107,12706.341796875
374,5.121,9822.712890625
375,5.134,13052.287109375
376,5.148,11280.9423828125
377,5.161,17529.650390625
378,5.175,11904.7236328125
379,5.189,18934.61328125
380,5.202,15877.310546875
381,5.216,18228.021484375
382,5.229,14227.435546875
383,5.243,12604.9921875
384,5.257,14150.0654296875
385,5.270,15419.619140625
386,5.284,14087.23046875
387,5.297,12885.455078125
388,5.311,13568.5625
389,5.325,16123.294921875
390,5.338,14495.0625
391,5.352,15831.94921875
392,5.365,15907.7216796875
393,5.379,15222.654296875
394,5.393,14805.7314453125
395,5.406,14021.029296875
396,5.420,15548.26953125
397,5.433,13011.9990234375
398,5.447,9541.8115234375
399,5.460,8479.78515625
400,5.474,11384.0712890625
401,5.488,11470.515625
402,5.501,11825.33984375
403,5.515,10710.322265625
404,5.528,11152.4736328125
405,5.542,14021.48046875
406,5.556,9585.9697265625
407,5.569,13734.2119140625
408,5.583,12011.16796875
409,5.596,10095.294921875
410,5.610,9553.09375
411,5.624,8723.693359375
412,5.637,6333.8125
413,5.651,3261.2451171875
414,5.664,4217.330078125
415,5.678,3704.52709960938
416,5.691,1539.20678710938
417,5.705,392.537414550781
418,5.719,1573.58581542969
419,5.732,790.213989257813
420,5.746,1897.40478515625
421,5.759,1354.47387695313
422,5.773,1818.19921875
423,5.787,1473.45239257813
424,5.800,893.55029296875
425,5.814,282.798400878906
426,5.827,801.273864746094
427,5.841,881.846557617188
428,5.855,1576.24987792969
429,5.868,575.574340820313
430,5.882,562.384399414063
431,5.895,1320.23937988281
432,5.909,262.166351318359
433,5.922,1002.39605712891
434,5.936,0
435,5.950,283.003784179688
436,5.963,280.921051025391
437,5.977,394.777893066406
438,5.990,1184.67749023438
#"+ESI EIC(203.1794, 205.1950, 221.1899, 227.1776 ...) Scan s011_m001.d "
#Point,X(Minutes),Y(Counts)
0,0.046,0
1,0.053,2082.09497070313
2,0.066,756.921264648438
3,0.080,511.914306640625
4,0.093,1226.15637207031
5,0.107,1415.83081054688
6,0.120,809.065307617188
7,0.134,459.988891601563
8,0.148,1494.34521484375
9,0.161,2068.7783203125
10,0.175,1816.18811035156
11,0.188,1108.07275390625
12,0.202,620.995971679688
13,0.216,873.898193359375
14,0.229,0
15,0.243,517.986328125
16,0.256,376.012512207031
17,0.270,1442.83532714844
18,0.284,2425.63940429688
19,0.297,1214.55432128906
20,0.311,495.738128662109
21,0.324,683.384765625
22,0.338,0
23,0.351,2048.63745117188
24,0.365,1017.37609863281
25,0.379,1300.94653320313
26,0.392,0
27,0.406,876.454223632813
28,0.419,1545.49169921875
29,0.433,889.965637207031
30,0.447,1010.0009765625
31,0.460,878.102416992188
32,0.474,917.419311523438
33,0.487,584.064575195313
34,0.501,571.474853515625
35,0.515,1091.93627929688
36,0.528,1085.662109375
37,0.542,1010.68359375
38,0.555,554.403930664063
39,0.569,320.218231201172
40,0.582,1580.98303222656
41,0.596,2412.79174804688
42,0.610,1455.76147460938
43,0.623,1214.12634277344
44,0.637,1448.26452636719
45,0.650,1031.83251953125
46,0.664,1914.76159667969
47,0.678,779.167846679688
48,0.691,352.017700195313
49,0.705,1250.41223144531
50,0.718,820.873168945313
51,0.732,0
52,0.746,1183.27172851563
53,0.759,678.3056640625
54,0.773,2836.78076171875
55,0.786,693.37353515625
56,0.800,1342.69946289063
57,0.813,2231.47802734375
58,0.827,1372.033203125
59,0.841,951.339965820313
60,0.854,831.376098632813
61,0.868,1374.62731933594
62,0.881,1225.80041503906
63,0.895,845.780151367188
64,0.909,2167.7158203125
65,0.922,1781.15747070313
66,0.936,1484.75561523438
67,0.949,0
68,0.963,1159.34155273438
69,0.977,1308.48693847656
70,0.990,2465.62939453125
71,1.004,1382.921875
72,1.017,0
73,1.031,2587.18627929688
74,1.044,1518.40002441406
75,1.058,498.805786132813
76,1.072,1895.47497558594
77,1.085,2449.92138671875
78,1.099,879.20556640625
79,1.112,1832.05151367188
80,1.126,433.001251220703
81,1.140,549.867370605469
82,1.153,947.905883789063
83,1.167,852.611511230469
84,1.180,868.90869140625
85,1.194,1369.38110351563
86,1.208,1870.3857421875
87,1.221,1490.91259765625
88,1.235,1461.37329101563
89,1.248,1622.29736328125
90,1.262,1814.080078125
91,1.276,0
92,1.289,2375.1611328125
93,1.303,1832.78686523438
94,1.316,1816.66943359375
95,1.330,2088.29272460938
96,1.343,1645.86987304688
97,1.357,2532.66918945313
98,1.371,0
99,1.384,1807.51416015625
100,1.398,0
101,1.411,846.049865722656
102,1.425,282.332580566406
103,1.439,1100.62243652344
104,1.452,1697.02062988281
105,1.466,1150.51489257813
106,1.479,1400.80163574219
107,1.493,1939.4658203125
108,1.507,2648.6953125
109,1.520,627.577575683594
110,1.534,2445.974609375
111,1.547,1293.24694824219
112,1.561,880.056762695313
113,1.574,712.755249023438
114,1.588,2740.51171875
115,1.602,3158.11181640625
116,1.615,1681.08227539063
117,1.629,1634.34338378906
118,1.642,4192.76953125
119,1.656,1990.81127929688
120,1.670,644.117736816406
121,1.683,908.324645996094
122,1.697,1579.97705078125
123,1.710,2449.11254882813
124,1.724,4958.14013671875
125,1.738,4854.42578125
126,1.751,1575.560546875
127,1.765,2793.07202148438
128,1.778,2384.70458984375
129,1.792,2566.66357421875
130,1.805,12027.0302734375
131,1.819,69860.1328125
132,1.833,128907.703125
133,1.846,63641.6640625
134,1.860,49847.5859375
135,1.873,56323.47265625
136,1.887,27792.033203125
137,1.901,16086.365234375
138,1.914,6514.90673828125
139,1.928,6921.14404296875
140,1.941,3786.99755859375
141,1.955,3822.72387695313
142,1.969,5993.2705078125
143,1.982,1098.10705566406
144,1.996,3240.5
145,2.009,9253.314453125
146,2.023,2408.46044921875
147,2.037,5416.43359375
148,2.050,4227.8447265625
149,2.064,1936.12512207031
150,2.077,3046.86645507813
151,2.091,4671.21044921875
152,2.104,4150.8681640625
153,2.118,6386.88818359375
154,2.132,2848.48608398438
155,2.145,2243.892578125
156,2.159,5355.2841796875
157,2.172,2750.716796875
158,2.186,5403.5546875
159,2.200,6371.5205078125
160,2.213,6513.5439453125
161,2.227,6619.3447265625
162,2.240,3863.78930664063
163,2.254,4865.31640625
164,2.268,5825.0537109375
165,2.281,7906.1142578125
166,2.295,3640.31518554688
167,2.308,5385.849609375
168,2.322,4680.9912109375
169,2.335,13638.51953125
170,2.349,20814.607421875
171,2.363,14218.9208984375
172,2.376,9112.330078125
173,2.390,6480.72705078125
174,2.403,5599.66015625
175,2.417,8707.365234375
176,2.431,13644.9677734375
177,2.444,11379.052734375
178,2.458,9696.6669921875
179,2.471,6700.23193359375
180,2.485,9687.49609375
181,2.499,8218.587890625
182,2.512,6726.0078125
183,2.526,5415.6103515625
184,2.539,5510.99072265625
185,2.553,9808.2109375
186,2.567,6759.0869140625
187,2.580,9999.919921875
188,2.594,7677.28857421875
189,2.607,7474.72314453125
190,2.621,17893.99609375
191,2.634,82246.34375
192,2.648,100406.5859375
193,2.662,53736.4921875
194,2.675,47329.8359375
195,2.689,36861.125
196,2.702,26737.84375
197,2.716,15656.943359375
198,2.730,14428.064453125
199,2.743,51764.66015625
200,2.757,86668.171875
201,2.770,47522.3203125
202,2.784,25925.6171875
203,2.798,20892.921875
204,2.811,12479.5703125
205,2.825,12413.564453125
206,2.838,10534.11328125
207,2.852,9897.90625
208,2.865,9986.8828125
209,2.879,8878.47265625
210,2.893,12246.73046875
211,2.906,10518.072265625
212,2.920,9165.8134765625
213,2.933,7916.20751953125
214,2.947,7759.7431640625
215,2.961,6582.419921875
216,2.974,7531.70263671875
217,2.988,638.163330078125
218,3.001,1195.58264160156
219,3.015,1591.01965332031
220,3.029,1703.91259765625
221,3.042,1774.42309570313
222,3.056,461.440246582031
223,3.069,596.261169433594
224,3.083,2507.0322265625
225,3.096,653.626708984375
226,3.110,15140.82421875
227,3.124,13208.3203125
228,3.137,15974.318359375
229,3.151,17832.34375
230,3.164,12170.7890625
231,3.178,10341.3203125
232,3.192,13335.130859375
233,3.205,8534.4453125
234,3.219,9953.85546875
235,3.232,7033.05517578125
236,3.246,10718.615234375
237,3.260,8072.3779296875
238,3.273,9336.416015625
239,3.287,6709.22265625
240,3.300,10449.0693359375
241,3.314,10773.765625
242,3.327,10002.0107421875
243,3.341,12495.0048828125
244,3.355,10597.90625
245,3.368,9614.029296875
246,3.382,7470.017578125
247,3.395,8959.318359375
248,3.409,11333.75
249,3.423,9204.3017578125
250,3.436,9209.2080078125
251,3.450,9437.83203125
252,3.463,8176.962890625
253,3.477,6062.271484375
254,3.491,10126.73046875
255,3.504,8419.41796875
256,3.518,7648.2978515625
257,3.531,8251.62890625
258,3.545,6638.630859375
259,3.558,9574.1083984375
260,3.572,12946.9951171875
261,3.586,11195.9228515625
262,3.599,5737.91796875
263,3.613,10602.591796875
264,3.626,9341.59765625
265,3.640,10291.6171875
266,3.654,8513.37890625
267,3.667,12974.80078125
268,3.681,11990.7734375
269,3.694,13660.369140625
270,3.708,14484.462890625
271,3.722,19381.53515625
272,3.735,16791.1953125
273,3.749,12711.296875
274,3.762,15026.04296875
275,3.776,12455.869140625
276,3.790,13327.923828125
277,3.803,13887.01171875
278,3.817,16479.1015625
279,3.830,18989.80078125
280,3.844,18676.451171875
281,3.857,14748.1533203125
282,3.871,15520.12109375
283,3.885,16125.185546875
284,3.898,12298.796875
285,3.912,14369.904296875
286,3.925,17034.595703125
287,3.939,17912.58984375
288,3.953,16596.20703125
289,3.966,13364.884765625
290,3.980,11484.31640625
291,3.993,12165.92578125
292,4.007,16189.41015625
293,4.021,12150.904296875
294,4.034,13913.6806640625
295,4.048,13901.2138671875
296,4.061,15286.46875
297,4.075,17797.849609375
298,4.088,14833.8896484375
299,4.102,18766.13671875
300,4.116,12067.240234375
301,4.129,9423.751953125
302,4.143,14557.85546875
303,4.156,19159.140625
304,4.170,15700.8525390625
305,4.184,14607.6875
306,4.197,14859.0859375
307,4.211,14259.9541015625
308,4.224,13817.69921875
309,4.238,14805.22265625
310,4.252,17453.3046875
311,4.265,17804.572265625
312,4.279,17240.771484375
313,4.292,23180.78515625
314,4.306,22236.927734375
315,4.319,15238.7744140625
316,4.333,15548.365234375
317,4.347,13597.599609375
318,4.360,14271.37890625
319,4.374,17218.447265625
320,4.387,15628.1962890625
321,4.401,16406.103515625
322,4.415,15220.228515625
323,4.428,13490.501953125
324,4.442,16834.53125
325,4.455,12049.09375
326,4.469,18275.42578125
327,4.483,10346.744140625
328,4.496,19784.12109375
329,4.510,20710.1875
330,4.523,17233.83203125
331,4.537,15948.96875
332,4.550,18973.9765625
333,4.564,13352.9619140625
334,4.578,13787.958984375
335,4.591,14151.6103515625
336,4.605,7834.56640625
337,4.618,16692.67578125
338,4.632,13367.02734375
339,4.646,16722.794921875
340,4.659,15918.7900390625
341,4.673,11881.359375
342,4.686,19357.849609375
343,4.700,12444.427734375
344,4.714,14226.8583984375
345,4.727,11267.6884765625
346,4.741,13454.232421875
347,4.754,11776.0517578125
348,4.768,15653.212890625
349,4.782,13236.8525390625
350,4.795,16552.080078125
351,4.809,15100.5908203125
352,4.822,18375.38671875
353,4.836,20798.33984375
354,4.849,19545.16796875
355,4.863,20729.3515625
356,4.877,13861.984375
357,4.890,18602.5390625
358,4.904,14999.2041015625
359,4.917,14987.6943359375
360,4.931,17387.931640625
361,4.945,16854.798828125
362,4.958,12828.783203125
363,4.972,16214.2998046875
364,4.985,16871.46875
365,4.999,19621.09375
366,5.013,14953.521484375
367,5.026,17741.15234375
368,5.040,14556.0615234375
369,5.053,15262.810546875
370,5.067,13613.693359375
371,5.080,18599.330078125
372,5.094,18153.9296875
373,5.108,20102.7265625
374,5.121,19028.80859375
375,5.135,20611.234375
376,5.148,19646.537109375
377,5.162,17572.71875
378,5.176,17260.44921875
379,5.189,19681.8046875
380,5.203,12997.7177734375
381,5.216,19714.85546875
382,5.230,18540.40234375
383,5.244,22375.78125
384,5.257,12146.3154296875
385,5.271,14808.88671875
386,5.284,13302.7041015625
387,5.298,20784.7578125
388,5.311,15906.13671875
389,5.325,22299.7890625
390,5.339,15336.9658203125
391,5.352,20256.78515625
392,5.366,14108.8671875
393,5.379,19355.82421875
394,5.393,19566.40625
395,5.407,16063.982421875
396,5.420,12583.486328125
397,5.434,15506.78125
398,5.447,14096.7890625
399,5.461,17048.408203125
400,5.475,15119.162109375
401,5.488,10979.33203125
402,5.502,15821.7705078125
403,5.515,9787.755859375
404,5.529,17894.5546875
405,5.542,11685.876953125
406,5.556,16827.71875
407,5.570,11588.3857421875
408,5.583,11906.8984375
409,5.597,15191.7685546875
410,5.610,8763.0068359375
411,5.624,10792.4013671875
412,5.638,8564.474609375
413,5.651,5371.68505859375
414,5.665,3515.95361328125
415,5.678,3160.95043945313
416,5.692,3755.46875
417,5.706,3643.76123046875
418,5.719,2128.81005859375
419,5.733,1968.6259765625
420,5.746,463.259582519531
421,5.760,1888.69018554688
422,5.773,1676.70544433594
423,5.787,1328.78161621094
424,5.801,780.366577148438
425,5.814,643.519592285156
426,5.828,232.017074584961
427,5.841,0
428,5.855,1484.72009277344
429,5.869,781.328430175781
430,5.882,2050.11572265625
431,5.896,820.344360351563
432,5.909,252.016662597656
433,5.923,712.298950195313
434,5.937,1516.93994140625
435,5.950,688.124084472656
436,5.964,515.317749023438
437,5.977,535.229370117188
438,5.991,1874.47241210938
#"+ESI EIC(203.1794, 205.1950, 221.1899, 227.1776 ...) Scan s012_m001.d "
#Point,X(Minutes),Y(Counts)
0,0.051,499.973785400391
1,0.058,674.835266113281
2,0.071,1234.81884765625
3,0.085,720.65380859375
4,0.098,702.711059570313
5,0.112,906.767700195313
6,0.126,1165.53637695313
7,0.139,0
8,0.153,271.067077636719
9,0.166,1809.40808105469
10,0.180,1058.86596679688
11,0.194,0
12,0.207,1082.44604492188
13,0.221,0
14,0.234,0
15,0.248,0
16,0.261,4951.0576171875
17,0.275,671.800415039063
18,0.289,1000.98669433594
19,0.302,1254.54833984375
20,0.316,2201.3427734375
21,0.329,358.161224365234
22,0.343,657.357788085938
23,0.357,0
24,0.370,1980.60070800781
25,0.384,536.865356445313
26,0.397,1039.68701171875
27,0.411,815.263977050781
28,0.425,236.841995239258
29,0.438,1859.32568359375
30,0.452,415.264801025391
31,0.465,1238.83654785156
32,0.479,1202.30151367188
33,0.492,635.77978515625
34,0.506,1583.83203125
35,0.520,695.173828125
36,0.533,789.275573730469
37,0.547,1629.82202148438
38,0.560,1727.90026855469
39,0.574,1191.27526855469
40,0.588,1867.15063476563
41,0.601,891.289428710938
42,0.615,1468.7900390625
43,0.628,473.259887695313
44,0.642,0
45,0.656,1377.53051757813
46,0.669,1538.96923828125
47,0.683,237.361450195313
48,0.696,281.525573730469
49,0.710,1065.44372558594
50,0.723,1063.12915039063
51,0.737,845.350524902344
52,0.751,1113.63256835938
53,0.764,2272.24365234375
54,0.778,1568.35461425781
55,0.791,849.083740234375
56,0.805,788.851684570313
57,0.819,978.516967773438
58,0.832,300.227264404297
59,0.846,1453.10327148438
60,0.859,1968.02783203125
61,0.873,949.033325195313
62,0.887,0
63,0.900,1158.05285644531
64,0.914,948.505004882813
65,0.927,2769.29541015625
66,0.941,354.664825439453
67,0.955,1425.79089355469
68,0.968,1686.10803222656
69,0.982,1527.90612792969
70,0.995,3345.75537109375
71,1.009,1028.81958007813
72,1.022,836.963012695313
73,1.036,846.904541015625
74,1.050,1229.66760253906
75,1.063,2706
76,1.077,1274.17651367188
77,1.090,1088.97631835938
78,1.104,1797.84765625
79,1.118,3467.51611328125
80,1.131,1129.23449707031
81,1.145,1297.25073242188
82,1.158,2181.37890625
83,1.172,1011.53247070313
84,1.186,2284.04028320313
85,1.199,1571.37463378906
86,1.213,3062.9443359375
87,1.226,2285.69067382813
88,1.240,1034.55822753906
89,1.253,1452.70654296875
90,1.267,817.4345703125
91,1.281,1596.33618164063
92,1.294,0
93,1.308,741.618286132813
94,1.321,1336.44458007813
95,1.335,2068.34057617188
96,1.349,1805.17822265625
97,1.362,867.375122070313
98,1.376,645.756103515625
99,1.389,3003.115234375
100,1.403,708.259216308594
101,1.417,1449.48388671875
102,1.430,290.579467773438
103,1.444,1156.61608886719
104,1.457,725.889831542969
105,1.471,374.123504638672
106,1.484,1135.82238769531
107,1.498,632.607971191406
108,1.512,534.53759765625
109,1.525,1178.96850585938
110,1.539,820.4453125
111,1.552,2935.6953125
112,1.566,1758.24157714844
113,1.580,884.942260742188
114,1.593,244.101119995117
115,1.607,0
116,1.620,2063.42822265625
117,1.634,2359.42822265625
118,1.648,1518.10974121094
119,1.661,794.382568359375
120,1.675,1809.49353027344
121,1.688,1464.2978515625
122,1.702,1295.24731445313
123,1.715,402.822906494141
124,1.729,7880.37890625
125,1.743,4775.97265625
126,1.756,2597.0693359375
127,1.770,2042.05712890625
128,1.783,858.118408203125
129,1.797,223.301208496094
130,1.811,18968.03125
131,1.824,93267.2734375
132,1.838,132693.53125
133,1.851,58879.55078125
134,1.865,59299.5390625
135,1.879,60251.89453125
136,1.892,27940.03515625
137,1.906,13430.1904296875
138,1.919,8012.10791015625
139,1.933,5548.22314453125
140,1.946,5513.8046875
141,1.960,6150.3134765625
142,1.974,2083.83349609375
143,1.987,2036.91784667969
144,2.001,1516.66015625
145,2.014,940.684387207031
146,2.028,6123.84716796875
147,2.042,5342.2802734375
148,2.055,6576.3408203125
149,2.069,6852.29443359375
150,2.082,1494.01794433594
151,2.096,2927.09716796875
152,2.110,4900.33740234375
153,2.123,5726.431640625
154,2.137,5489.5908203125
155,2.150,3028.58154296875
156,2.164,2738.7802734375
157,2.177,6675.11181640625
158,2.191,4445.3955078125
159,2.205,6078.69921875
160,2.218,9784.8759765625
161,2.232,5699.421875
162,2.245,7200.521484375
163,2.259,6510.98388671875
164,2.273,3784.45849609375
165,2.286,7057.4580078125
166,2.300,5808.1806640625
167,2.313,4516.0615234375
168,2.327,8664.873046875
169,2.341,26781.296875
170,2.354,28078.8515625
171,2.368,11283.2412109375
172,2.381,9664.9501953125
173,2.395,7568.4619140625
174,2.409,9948.1279296875
175,2.422,12059.640625
176,2.436,11373.9130859375
177,2.449,9942.84375
178,2.463,4810.4111328125
179,2.476,5891.40625
180,2.490,7278.4609375
181,2.504,6653.328125
182,2.517,7074.93359375
183,2.531,7130.01025390625
184,2.544,5115.5458984375
185,2.558,7974.1484375
186,2.572,6966.8232421875
187,2.585,5776.97021484375
188,2.599,5306.228515625
189,2.612,7680.94140625
190,2.626,41042.3515625
191,2.640,109137.3046875
192,2.653,89134.2734375
193,2.667,52788.11328125
194,2.680,48536.5
195,2.694,37590.984375
196,2.707,29284.017578125
197,2.721,13904.29296875
198,2.735,34171.203125
199,2.748,97372.953125
200,2.762,85709.1328125
201,2.775,44861.95703125
202,2.789,24202.732421875
203,2.803,21116.22265625
204,2.816,15345.4794921875
205,2.830,13932.6337890625
206,2.843,9712.658203125
207,2.857,10997.6708984375
208,2.871,8244.2119140625
209,2.884,14066.87109375
210,2.898,9690.068359375
211,2.911,8115.6259765625
212,2.925,6975.9990234375
213,2.938,9022.587890625
214,2.952,7982.3447265625
215,2.966,6628.73828125
216,2.979,932.557067871094
217,2.993,4075.59448242188
218,3.006,1075.0185546875
219,3.020,2591.87548828125
220,3.034,2379.341796875
221,3.047,996.945434570313
222,3.061,3440.2021484375
223,3.074,1951.13989257813
224,3.088,3265.69995117188
225,3.102,11158.509765625
226,3.115,12483.005859375
227,3.129,15564.81640625
228,3.142,15144.69140625
229,3.156,11824.94140625
230,3.169,11274.34375
231,3.183,9577.572265625
232,3.197,10034.4658203125
233,3.210,10282.267578125
234,3.224,10464.357421875
235,3.237,7496.40771484375
236,3.251,10354.533203125
237,3.265,8056.12890625
238,3.278,8185.953125
239,3.292,6857.130859375
240,3.305,10026.21875
241,3.319,11948.779296875
242,3.333,9621.1318359375
243,3.346,11456.076171875
244,3.360,9487.599609375
245,3.373,8513.607421875
246,3.387,10637.9609375
247,3.401,8279.18359375
248,3.414,10341.46484375
249,3.428,5304.82275390625
250,3.441,4997.56689453125
251,3.455,7481.5576171875
252,3.468,9280.646484375
253,3.482,6575.78515625
254,3.496,9039.318359375
255,3.509,10154.421875
256,3.523,10243.837890625
257,3.536,7577.671875
258,3.550,7462.7236328125
259,3.564,8677.0244140625
260,3.577,10561.9619140625
261,3.591,12526.548828125
262,3.604,10894.859375
263,3.618,9334.58203125
264,3.632,7849.02734375
265,3.645,8558.513671875
266,3.659,10909.0361328125
267,3.672,12771.791015625
268,3.686,11572.7470703125
269,3.699,11885.884765625
270,3.713,15186.158203125
271,3.727,12307.060546875
272,3.740,17716.3984375
273,3.754,10972.6220703125
274,3.767,17999.845703125
275,3.781,18993.14453125
276,3.795,15148.59765625
277,3.808,16168.61328125
278,3.822,14377.09375
279,3.835,18750.052734375
280,3.849,16763.48828125
281,3.863,14700.9404296875
282,3.876,14637.6328125
283,3.890,13403.1328125
284,3.903,13015.2421875
285,3.917,12252.5517578125
286,3.930,12767.1689453125
287,3.944,17612.798828125
288,3.958,14773.5703125
289,3.971,15589.267578125
290,3.985,15031.58984375
291,3.998,14440.876953125
292,4.012,11678.337890625
293,4.026,13746.61328125
294,4.039,13452.025390625
295,4.053,12752.9619140625
296,4.066,8181.6337890625
297,4.080,9849.798828125
298,4.094,12275.3310546875
299,4.107,14212.208984375
300,4.121,14075.1875
301,4.134,11581.3681640625
302,4.148,14032.435546875
303,4.161,13940.8515625
304,4.175,12082.43359375
305,4.189,16409.859375
306,4.202,16179.73828125
307,4.216,11753.232421875
308,4.229,15911.59765625
309,4.243,11202.60546875
310,4.257,16327.4375
311,4.270,15152.6748046875
312,4.284,16880.275390625
313,4.297,23320.6015625
314,4.311,20034.44140625
315,4.325,15963.0078125
316,4.338,15627.3583984375
317,4.352,15118.083984375
318,4.365,12220.388671875
319,4.379,14125.2021484375
320,4.393,17199.869140625
321,4.406,15276.333984375
322,4.420,7157.7421875
323,4.433,15697.462890625
324,4.447,15589.9384765625
325,4.460,14076.2880859375
326,4.474,20268.798828125
327,4.488,15368.0390625
328,4.501,14750.2548828125
329,4.515,18556.9140625
330,4.528,13749.654296875
331,4.542,20626.23828125
332,4.556,17633.65234375
333,4.569,17015.689453125
334,4.583,14669.0400390625
335,4.596,16236.765625
336,4.610,22143.005859375
337,4.624,20486.34375
338,4.637,19841.7734375
339,4.651,19655.98828125
340,4.664,16549.982421875
341,4.678,14570.419921875
342,4.691,18177.171875
343,4.705,17917.193359375
344,4.719,18163.82421875
345,4.732,20066.83203125
346,4.746,16424.8125
347,4.759,13032.41015625
348,4.773,16373.3076171875
349,4.787,17174.966796875
350,4.800,14591.69140625
351,4.814,12266.8359375
352,4.827,16042.7958984375
353,4.841,16687.953125
354,4.855,21511.09765625
355,4.868,14114.1328125
356,4.882,18122.32421875
357,4.895,18538.193359375
358,4.909,15363.41796875
359,4.922,17403.775390625
360,4.936,16775.431640625
361,4.950,15331.1220703125
362,4.963,14320.6708984375
363,4.977,16692.77734375
364,4.990,13941.810546875
365,5.004,16464.041015625
366,5.018,16746.1640625
367,5.031,13100.201171875
368,5.045,13428.908203125
369,5.058,13356.8046875
370,5.072,14292.892578125
371,5.086,12328.0224609375
372,5.099,14727.19140625
373,5.113,8564.3330078125
374,5.126,15071.8046875
375,5.140,11953.3505859375
376,5.153,11904.623046875
377,5.167,15086.251953125
378,5.181,14637.5478515625
379,5.194,13029.529296875
380,5.208,13206.4130859375
381,5.221,16797.482421875
382,5.235,12793.13671875
383,5.249,14343.939453125
384,5.262,15691.7685546875
385,5.276,16176.2626953125
386,5.289,20428.962890625
387,5.303,11949.0810546875
388,5.317,14240.169921875
389,5.330,14115.3955078125
390,5.344,15195.388671875
391,5.357,13641.2265625
392,5.371,16241.4609375
393,5.384,14613.6962890625
394,5.398,15536.947265625
395,5.412,14998.9755859375
396,5.425,12819.388671875
397,5.439,13260.689453125
398,5.452,13290.9658203125
399,5.466,14548.9638671875
400,5.480,13178.810546875
401,5.493,12036.59375
402,5.507,12150.130859375
403,5.520,12762.16796875
404,5.534,11701.439453125
405,5.548,13640.619140625
406,5.561,12189.44921875
407,5.575,12480.0693359375
408,5.588,10083.58203125
409,5.602,7004.43701171875
410,5.616,10399.111328125
411,5.629,7836.7568359375
412,5.643,3900.12719726563
413,5.656,3269.39404296875
414,5.670,2085.37841796875
415,5.683,4897.552734375
416,5.697,1324.07958984375
417,5.711,1159.525390625
418,5.724,2119.2841796875
419,5.738,2184.2822265625
420,5.751,1072.49865722656
421,5.765,1318.19641113281
422,5.779,1008.03515625
423,5.792,933.9462890625
424,5.806,738.502868652344
425,5.819,267.795227050781
426,5.833,1475.27197265625
427,5.847,1738.05322265625
428,5.860,1353.74682617188
429,5.874,899.125
430,5.887,528.597778320313
431,5.901,2208.82934570313
432,5.914,1389.14904785156
433,5.928,403.837432861328
434,5.942,1112.9716796875
435,5.955,0
436,5.969,1265.24768066406
437,5.982,497.053894042969
438,5.996,362.557006835938
#"+ESI EIC(203.1794, 205.1950, 221.1899, 227.1776 ...) Scan s043_m001.d "
#Point,X(Minutes),Y(Counts)
0,0.047,0
1,0.054,1167.63049316406
2,0.068,264.355621337891
3,0.081,472.495727539063
4,0.095,1322.06591796875
5,0.108,492.33837890625
6,0.122,1387.14453125
7,0.135,688.944030761719
8,0.149,828.521545410156
9,0.163,2094.24047851563
10,0.176,912.46240234375
11,0.190,1658.35144042969
12,0.203,570.381469726563
13,0.217,544.220031738281
14,0.231,496.890319824219
15,0.244,377.276824951172
16,0.258,3025.43041992188
17,0.271,1489.63012695313
18,0.285,2334.38427734375
19,0.299,1138.13134765625
20,0.312,497.555541992188
21,0.326,0
22,0.339,366.901184082031
23,0.353,542.962768554688
24,0.366,599.965942382813
25,0.380,503.968841552734
26,0.394,1203.73120117188
27,0.407,1214.50927734375
28,0.421,0
29,0.434,511.928497314453
30,0.448,1631.37426757813
31,0.462,540.736083984375
32,0.475,1952.57080078125
33,0.489,468.182983398438
34,0.502,387.449157714844
35,0.516,4390.61279296875
36,0.530,264.32470703125
37,0.543,497.027282714844
38,0.557,465.8359375
39,0.570,1405.18774414063
40,0.584,650.542602539063
41,0.598,210.903610229492
42,0.611,2125.72485351563
43,0.625,433.9931640625
44,0.638,430.747985839844
45,0.652,430.742279052734
46,0.665,853.197692871094
47,0.679,2044.48400878906
48,0.693,217.220809936523
49,0.706,822.167602539063
50,0.720,1203.01025390625
51,0.733,1039.07397460938
52,0.747,1070.70971679688
53,0.761,256.185607910156
54,0.774,612.875610351563
55,0.788,719.402221679688
56,0.801,285.930053710938
57,0.815,764.475402832031
58,0.829,2210.63427734375
59,0.842,827.361328125
60,0.856,1736.63928222656
61,0.869,1920.89208984375
62,0.883,1260.69458007813
63,0.896,735.851867675781
64,0.910,887.464172363281
65,0.924,1770.16357421875
66,0.937,0
67,0.951,309.119079589844
68,0.964,560.442504882813
69,0.978,266.384857177734
70,0.992,1213.54858398438
71,1.005,1094.08679199219
72,1.019,523.576110839844
73,1.032,335.469573974609
74,1.046,1105.85278320313
75,1.060,1772.49267578125
76,1.073,1813.47961425781
77,1.087,2438.40185546875
78,1.100,1380.37573242188
79,1.114,585.087158203125
80,1.127,754.853942871094
81,1.141,0
82,1.155,1699.068359375
83,1.168,3005.724609375
84,1.182,1742.51818847656
85,1.195,2579.60620117188
86,1.209,489.452880859375
87,1.223,1409.15551757813
88,1.236,1047.74890136719
89,1.250,863.831909179688
90,1.263,1078.67077636719
91,1.277,0
92,1.291,974.313781738281
93,1.304,1138.5205078125
94,1.318,1179.42138671875
95,1.331,2446.57592773438
96,1.345,1262.46240234375
97,1.358,1521.52795410156
98,1.372,1845.49572753906
99,1.386,2635.4296875
100,1.399,554.009826660156
101,1.413,1595.28356933594
102,1.426,575.695434570313
103,1.440,804.569702148438
104,1.454,1577.79907226563
105,1.467,2451.6435546875
106,1.481,660.160400390625
107,1.494,1173.96948242188
108,1.508,2872.16943359375
109,1.522,1312.61645507813
110,1.535,1647.34814453125
111,1.549,1795.45727539063
112,1.562,1341.79150390625
113,1.576,792.434753417969
114,1.589,352.317657470703
115,1.603,1116.02783203125
116,1.617,2620.40893554688
117,1.630,1822.86901855469
118,1.644,2508.55639648438
119,1.657,1078.67919921875
120,1.671,1935.8173828125
121,1.685,1418.29919433594
122,1.698,719.91259765625
123,1.712,2957.52075195313
124,1.725,4743.798828125
125,1.739,4639.6201171875
126,1.753,2683.1533203125
127,1.766,3086.54931640625
128,1.780,2047.74609375
129,1.793,1843.04467773438
130,1.807,11448.1142578125
131,1.821,59121.84765625
132,1.834,100126.15625
133,1.848,52077.4296875
134,1.861,40659.97265625
135,1.875,53412.3359375
136,1.888,28233.845703125
137,1.902,11827.298828125
138,1.916,19454.162109375
139,1.929,29437.787109375
140,1.943,17139.498046875
141,1.956,12380.232421875
142,1.970,6693.78857421875
143,1.984,7711.09912109375
144,1.997,2507.20849609375
145,2.011,3740.57177734375
146,2.024,6674.47900390625
147,2.038,7241.89404296875
148,2.052,10017.97265625
149,2.065,42719.796875
150,2.079,68259.65625
151,2.092,36713.45703125
152,2.106,18439.97265625
153,2.120,12727.9833984375
154,2.133,9186.9990234375
155,2.147,11054.615234375
156,2.160,12728.2392578125
157,2.174,29173.08984375
158,2.187,51577.93359375
159,2.201,26290.388671875
160,2.215,13370.9169921875
161,2.228,12375.359375
162,2.242,10823.8603515625
163,2.255,5140.259765625
164,2.269,6704.7001953125
165,2.283,8836.58984375
166,2.296,12955.5234375
167,2.310,12272.9833984375
168,2.323,11843.431640625
169,2.337,44677.03125
170,2.351,41405.00390625
171,2.364,21674.87890625
172,2.378,15403.2880859375
173,2.391,9804.9765625
174,2.405,7584.48486328125
175,2.418,15242.81640625
176,2.432,21093.291015625
177,2.446,23886.0546875
178,2.459,20902.517578125
179,2.473,13878.935546875
180,2.486,12542.3203125
181,2.500,13916.205078125
182,2.514,27400.12890625
183,2.527,47032.5234375
184,2.541,39619.171875
185,2.554,20701.908203125
186,2.568,20479.955078125
187,2.582,22499.556640625
188,2.595,19651.990234375
189,2.609,22018.3671875
190,2.622,36673.203125
191,2.636,120457.5
192,2.649,101939.59375
193,2.663,66034.890625
194,2.677,66428.359375
195,2.690,63611.95703125
196,2.704,51014.78125
197,2.717,58779.05859375
198,2.731,53313.703125
199,2.745,124851.1171875
200,2.758,138538.609375
201,2.772,79822.5
202,2.785,49003.453125
203,2.799,53736.0078125
204,2.813,60734.4140625
205,2.826,37264.2578125
206,2.840,22916.703125
207,2.853,14734.212890625
208,2.867,17798.625
209,2.880,19328.505859375
210,2.894,14650.2294921875
211,2.908,13564.337890625
212,2.921,17208.755859375
213,2.935,16131.9794921875
214,2.948,11648.8427734375
215,2.962,10298.0498046875
216,2.976,1598.52954101563
217,2.989,2526.29541015625
218,3.003,1530.48486328125
219,3.016,1718.31616210938
220,3.030,799.856079101563
221,3.044,2352.55126953125
222,3.057,1738.09350585938
223,3.071,2069.09838867188
224,3.084,2327.81127929688
225,3.098,2908.98413085938
226,3.111,11523.25390625
227,3.125,11022.72265625
228,3.139,18478.822265625
229,3.152,23134.126953125
230,3.166,17441.056640625
231,3.179,13540.37890625
232,3.193,8707.8388671875
233,3.207,9550.701171875
234,3.220,9092.0234375
235,3.234,6841.2861328125
236,3.247,11407.7177734375
237,3.261,8235.1875
238,3.275,8859.916015625
239,3.288,10037.240234375
240,3.302,12888.80078125
241,3.315,11654.099609375
242,3.329,10959.162109375
243,3.343,8091.3466796875
244,3.356,13340.1865234375
245,3.370,9229.5576171875
246,3.383,6020.37255859375
247,3.397,12221.0751953125
248,3.410,11070.4404296875
249,3.424,12124.064453125
250,3.438,8373.0244140625
251,3.451,13080.5498046875
252,3.465,9422.146484375
253,3.478,11097.1201171875
254,3.492,10204.154296875
255,3.506,9295.162109375
256,3.519,10145.806640625
257,3.533,9259.146484375
258,3.546,5775.96044921875
259,3.560,11899.6630859375
260,3.574,8667.8408203125
261,3.587,11976.2021484375
262,3.601,12744.5859375
263,3.614,10668.232421875
264,3.628,12426.259765625
265,3.641,12739.5390625
266,3.655,12845.04296875
267,3.669,45399.5546875
268,3.682,72766.9921875
269,3.696,53840.38671875
270,3.709,22285.408203125
271,3.723,19121.55078125
272,3.737,43753.92578125
273,3.750,38941.453125
274,3.764,51500.9921875
275,3.777,136844.734375
276,3.791,169555.6875
277,3.805,100230.3671875
278,3.818,57934.3046875
279,3.832,48042.2734375
280,3.845,45040.125
281,3.859,34965.2578125
282,3.872,26802.583984375
283,3.886,22790.609375
284,3.900,24258.9140625
285,3.913,33376.4296875
286,3.927,26261.26953125
287,3.940,24505.642578125
288,3.954,14852.984375
289,3.968,14278.4267578125
290,3.981,16717.240234375
291,3.995,16512.763671875
292,4.008,13514.33984375
293,4.022,12140.24609375
294,4.036,15079.0810546875
295,4.049,15476.083984375
296,4.063,14496.4833984375
297,4.076,14818.642578125
298,4.090,14663.5224609375
299,4.103,12219.943359375
300,4.117,14002.4560546875
301,4.131,15212.1318359375
302,4.144,14767.5849609375
303,4.158,12264.9765625
304,4.171,12732.5859375
305,4.185,9959.55859375
306,4.199,13575.1572265625
307,4.212,13883.1640625
308,4.226,10863.876953125
309,4.239,15467.1953125
310,4.253,17099.66796875
311,4.267,14157.17578125
312,4.280,18305.455078125
313,4.294,16453.96875
314,4.307,25581.58203125
315,4.321,15481.087890625
316,4.334,21637.9375
317,4.348,24673.568359375
318,4.362,16395.86328125
319,4.375,18072.9375
320,4.389,13856.919921875
321,4.402,16012.509765625
322,4.416,15860.2939453125
323,4.430,18757.728515625
324,4.443,17729.916015625
325,4.457,17287.248046875
326,4.470,15655.1318359375
327,4.484,16047.2783203125
328,4.498,13299.849609375
329,4.511,15850.0712890625
330,4.525,17947.86328125
331,4.538,15187.7783203125
332,4.552,18289.53125
333,4.566,16103.087890625
334,4.579,16358.9814453125
335,4.593,21367.662109375
336,4.606,20951.09375
337,4.620,20490.57421875
338,4.633,20057.548828125
339,4.647,18493.396484375
340,4.661,22586.421875
341,4.674,17781.0234375
342,4.688,21966.9609375
343,4.701,16572.4140625
344,4.715,15985.0400390625
345,4.729,12924.69921875
346,4.742,20030.931640625
347,4.756,13442.5390625
348,4.769,11866.125
349,4.783,14182.767578125
350,4.797,17145.521484375
351,4.810,16012.3671875
352,4.824,12238.470703125
353,4.837,17685.419921875
354,4.851,19401.494140625
355,4.864,18280.927734375
356,4.878,14365.46484375
357,4.892,16296.0546875
358,4.905,20640.107421875
359,4.919,19223.8984375
360,4.932,19888.515625
361,4.946,19532.861328125
362,4.960,27553.443359375
363,4.973,29774.7109375
364,4.987,13999.580078125
365,5.000,19648.517578125
366,5.014,20814.65234375
367,5.028,15601.69140625
368,5.041,13168.568359375
369,5.055,13452.5625
370,5.068,13854.5546875
371,5.082,12873.33984375
372,5.095,15717.8583984375
373,5.109,10914.5185546875
374,5.123,10419.1328125
375,5.136,10904.91015625
376,5.150,11988.001953125
377,5.163,11864.3916015625
378,5.177,6840.29541015625
379,5.191,14554.908203125
380,5.204,17136.72265625
381,5.218,20628.58203125
382,5.231,12740.3046875
383,5.245,10173.1171875
384,5.259,17643.666015625
385,5.272,13720.623046875
386,5.286,13667.0947265625
387,5.299,12588.31640625
388,5.313,15489.607421875
389,5.326,19619.203125
390,5.340,12203.435546875
391,5.354,16423.826171875
392,5.367,19406.03125
393,5.381,13018.998046875
394,5.394,17189.853515625
395,5.408,14567.2880859375
396,5.422,14481.10546875
397,5.435,11968.1279296875
398,5.449,9824.080078125
399,5.462,12621.0947265625
400,5.476,15809.3125
401,5.490,13125.2041015625
402,5.503,9790.353515625
403,5.517,10465.189453125
404,5.530,10707.9033203125
405,5.544,10528.123046875
406,5.558,10403.822265625
407,5.571,8988.9970703125
408,5.585,10337.900390625
409,5.598,12675.9453125
410,5.612,7878.41845703125
411,5.625,8741.029296875
412,5.639,6234.3876953125
413,5.653,2847.15844726563
414,5.666,2865.3759765625
415,5.680,1675.18139648438
416,5.693,3303.216796875
417,5.707,2219.83862304688
418,5.721,1150.169921875
419,5.734,1833.68811035156
420,5.748,507.237030029297
421,5.761,972.634216308594
422,5.775,1321.49328613281
423,5.789,1587.93054199219
424,5.802,1216.24975585938
425,5.816,574.054931640625
426,5.829,345.482635498047
427,5.843,542.899536132813
428,5.856,590.846923828125
429,5.870,0
430,5.884,1218.33862304688
431,5.897,221.327255249023
432,5.911,890.184265136719
433,5.924,1538.02490234375
434,5.938,862.220336914063
435,5.952,917.684814453125
436,5.965,585.1748046875
437,5.979,333.222290039063
438,5.992,2200.72900390625
#"+ESI EIC(203.1794, 205.1950, 221.1899, 227.1776 ...) Scan s044_m001.d "
#Point,X(Minutes),Y(Counts)
0,0.039,0
1,0.046,1603.14758300781
2,0.060,659.392272949219
3,0.073,829.411499023438
4,0.087,264.844268798828
5,0.101,319.043701171875
6,0.114,1333.24963378906
7,0.128,902.679931640625
8,0.141,227.08576965332
9,0.155,1219.79577636719
10,0.168,1385.64428710938
11,0.182,309.641815185547
12,0.196,588.953430175781
13,0.209,0
14,0.223,0
15,0.236,387.734680175781
16,0.250,247.680084228516
17,0.264,0
18,0.277,993.324462890625
19,0.291,1112.5302734375
20,0.304,1526.38049316406
21,0.318,1372.46459960938
22,0.332,0
23,0.345,626.50439453125
24,0.359,1601.7744140625
25,0.372,999.629699707031
26,0.386,335.621551513672
27,0.399,238.208908081055
28,0.413,677.159973144531
29,0.427,1483.17822265625
30,0.440,2254.24365234375
31,0.454,1807.08801269531
32,0.467,708.312377929688
33,0.481,1621.08752441406
34,0.495,304.889770507813
35,0.508,1521.9541015625
36,0.522,1152.57470703125
37,0.535,1029.19091796875
38,0.549,712.429565429688
39,0.563,860.633483886719
40,0.576,940.349304199219
41,0.590,2027.15441894531
42,0.603,271.880340576172
43,0.617,243.046829223633
44,0.631,321.249176025391
45,0.644,2019.70446777344
46,0.658,931.21533203125
47,0.671,230.831115722656
48,0.685,724.99609375
49,0.698,882.703125
50,0.712,852.506958007813
51,0.726,0
52,0.739,903.367065429688
53,0.753,1561.62524414063
54,0.766,1165.15539550781
55,0.780,1196.52490234375
56,0.794,845.859680175781
57,0.807,3089.5361328125
58,0.821,321.285705566406
59,0.834,1611.49877929688
60,0.848,1867.47009277344
61,0.862,585.334838867188
62,0.875,216.432891845703
63,0.889,1073.13208007813
64,0.902,1037.01452636719
65,0.916,1700.583984375
66,0.929,2248.42993164063
67,0.943,805.551818847656
68,0.957,1589.83740234375
69,0.970,2056.7177734375
70,0.984,926.1318359375
71,0.997,1265.220703125
72,1.011,2037.84399414063
73,1.025,1216.36486816406
74,1.038,1679.8193359375
75,1.052,1172.50061035156
76,1.065,1162.06701660156
77,1.079,1047.12866210938
78,1.093,2455.78369140625
79,1.106,243.697677612305
80,1.120,1044.0087890625
81,1.133,728.838623046875
82,1.147,0
83,1.160,644.592834472656
84,1.174,738.419738769531
85,1.188,428.828430175781
86,1.201,918.930908203125
87,1.215,1351.23999023438
88,1.228,263.666656494141
89,1.242,1243.03466796875
90,1.256,1736.52099609375
91,1.269,931.005310058594
92,1.283,0
93,1.296,907.249816894531
94,1.310,287.401947021484
95,1.324,828.940551757813
96,1.337,827.728271484375
97,1.351,1513.38439941406
98,1.364,1253.79296875
99,1.378,2401.97729492188
100,1.391,1017.91162109375
101,1.405,294.521118164063
102,1.419,1645.09643554688
103,1.432,2746.07006835938
104,1.446,2359.21240234375
105,1.459,346.119354248047
106,1.473,346.295959472656
107,1.487,1081.12451171875
108,1.500,930
109,1.514,0
110,1.527,1278.49938964844
111,1.541,962.316345214844
112,1.555,2144.97534179688
113,1.568,875.953674316406
114,1.582,2768.64306640625
115,1.595,1192.35778808594
116,1.609,1709.05029296875
117,1.622,1413.37036132813
118,1.636,2676.5478515625
119,1.650,1347.51098632813
120,1.663,1397.1064453125
121,1.677,625.82470703125
122,1.690,498.245483398438
123,1.704,2156.97314453125
124,1.718,1575.15454101563
125,1.731,5954.08447265625
126,1.745,3611.8203125
127,1.758,5179.5283203125
128,1.772,2777.15576171875
129,1.786,3516.947265625
130,1.799,5265.4208984375
131,1.813,26454.125
132,1.826,98935.5
133,1.840,74127.171875
134,1.854,37020.546875
135,1.867,52908.671875
136,1.881,34710.7578125
137,1.894,17727.697265625
138,1.908,13642.3564453125
139,1.921,38176.48828125
140,1.935,28336.93359375
141,1.949,15680.0849609375
142,1.962,10411.23046875
143,1.976,7864.6787109375
144,1.989,10000.47265625
145,2.003,9134.4052734375
146,2.017,6280.7744140625
147,2.030,10096.537109375
148,2.044,9949.0078125
149,2.057,24250.0625
150,2.071,75386.8984375
151,2.085,59958.80078125
152,2.098,26370.974609375
153,2.112,13128.111328125
154,2.125,11204.56640625
155,2.139,10385.689453125
156,2.152,6380.17626953125
157,2.166,20390.6953125
158,2.180,47791.87109375
159,2.193,46980.6796875
160,2.207,18749.5234375
161,2.220,12981.478515625
162,2.234,11604.7158203125
163,2.248,8511.1650390625
164,2.261,7394.52197265625
165,2.275,6558.8837890625
166,2.288,15423.458984375
167,2.302,16795.3125
168,2.316,12199.296875
169,2.329,33975.61328125
170,2.343,57656.82421875
171,2.356,35447.9453125
172,2.370,22824.16015625
173,2.383,12443.720703125
174,2.397,10482.939453125
175,2.411,14726.916015625
176,2.424,18018.611328125
177,2.438,23060.38671875
178,2.451,24882.625
179,2.465,15243.306640625
180,2.479,8034.3828125
181,2.492,13957.162109375
182,2.506,13752.8876953125
183,2.519,44713.89453125
184,2.533,52552.9296875
185,2.547,28240.32421875
186,2.560,22546.373046875
187,2.574,25909.44140625
188,2.587,22689.63671875
189,2.601,23955.951171875
190,2.614,21718.099609375
191,2.628,79767.734375
192,2.642,128159.9375
193,2.655,86430.34375
194,2.669,59402.19921875
195,2.682,74652.546875
196,2.696,48300.24609375
197,2.710,62427.5390625
198,2.723,58485.67578125
199,2.737,85221.21875
200,2.750,149819.75
201,2.764,121446.7734375
202,2.778,59293.67578125
203,2.791,47491.484375
204,2.805,71818.9375
205,2.818,56425.49609375
206,2.832,29663.28515625
207,2.846,20638.353515625
208,2.859,14823.87109375
209,2.873,19414.69140625
210,2.886,14256.748046875
211,2.900,13319.3916015625
212,2.913,13363.7978515625
213,2.927,15938.42578125
214,2.941,12480.328125
215,2.954,9961.87890625
216,2.968,8102.1669921875
217,2.981,1964.63244628906
218,2.995,2813.5712890625
219,3.009,2033.0751953125
220,3.022,2557.12109375
221,3.036,689.92822265625
222,3.049,2451.36376953125
223,3.063,1562.10864257813
224,3.077,1688.20190429688
225,3.090,2945.04907226563
226,3.104,9838.42578125
227,3.117,10575.75
228,3.131,10459.1767578125
229,3.144,19466.1484375
230,3.158,18531.86328125
231,3.172,14561.048828125
232,3.185,11717.416015625
233,3.199,10439.7177734375
234,3.212,8696.83984375
235,3.226,10399.265625
236,3.240,11033.173828125
237,3.253,9676.873046875
238,3.267,8883.1083984375
239,3.280,7933.47021484375
240,3.294,11081.650390625
241,3.308,14368.685546875
242,3.321,10444.087890625
243,3.335,11718.1640625
244,3.348,10099.107421875
245,3.362,9347.1953125
246,3.375,11046.130859375
247,3.389,7126.1240234375
248,3.403,10396.7919921875
249,3.416,7945.46923828125
250,3.430,8459.2626953125
251,3.443,12111.44140625
252,3.457,11269.1328125
253,3.471,11779.3232421875
254,3.484,9007.9951171875
255,3.498,8363.486328125
256,3.511,8793.416015625
257,3.525,9156.8876953125
258,3.539,12188.5419921875
259,3.552,10707.7470703125
260,3.566,14650.3779296875
261,3.579,16670.140625
262,3.593,14361.330078125
263,3.606,13318.5927734375
264,3.620,7582.00830078125
265,3.634,11258.140625
266,3.647,8152.1796875
267,3.661,22151.390625
268,3.674,77112.1640625
269,3.688,75839.84375
270,3.702,38617.625
271,3.715,24358.30859375
272,3.729,36254.2734375
273,3.742,44912.09765625
274,3.756,35234.58203125
275,3.770,87445.09375
276,3.783,171210.453125
277,3.797,143893.1875
278,3.810,85278.171875
279,3.824,58817.34375
280,3.838,59458.8671875
281,3.851,47480.25
282,3.865,34221.8046875
283,3.878,30334.2421875
284,3.892,24369.1015625
285,3.906,24754.3203125
286,3.919,24299.75
287,3.933,23876.29296875
288,3.946,17098.689453125
289,3.960,14526.974609375
290,3.973,16846.947265625
291,3.987,14563.0341796875
292,4.001,11344.5498046875
293,4.014,15035.94140625
294,4.028,18119.4921875
295,4.041,17475.28515625
296,4.055,14172.70703125
297,4.069,16938.45703125
298,4.082,15545.732421875
299,4.096,11636.9921875
300,4.109,16020.5478515625
301,4.123,15413.412109375
302,4.137,15704.1552734375
303,4.150,11863.21875
304,4.164,13604.83984375
305,4.177,15081.494140625
306,4.191,14243.5322265625
307,4.204,14571.16015625
308,4.218,13518.9326171875
309,4.232,10655.796875
310,4.245,17655.03125
311,4.259,11876.8447265625
312,4.272,19478.267578125
313,4.286,20525.6875
314,4.300,21653.076171875
315,4.313,22658.3125
316,4.327,21271.294921875
317,4.340,29659.87890625
318,4.354,22514.921875
319,4.368,20420.67578125
320,4.381,19517.28515625
321,4.395,15233.34375
322,4.408,15567.228515625
323,4.422,16198.58203125
324,4.435,16406.078125
325,4.449,18012.044921875
326,4.463,14924.556640625
327,4.476,15086.955078125
328,4.490,14247.189453125
329,4.503,21542.98046875
330,4.517,17286.93359375
331,4.531,16749.2421875
332,4.544,19811.7109375
333,4.558,18182.4609375
334,4.571,14502.46875
335,4.585,16121.75
336,4.599,23964.92578125
337,4.612,21887.328125
338,4.626,17362.328125
339,4.639,16810.7109375
340,4.653,16339.1171875
341,4.666,16904.1328125
342,4.680,21763.11328125
343,4.694,17323.740234375
344,4.707,16598.857421875
345,4.721,18596.6171875
346,4.734,19634.75
347,4.748,11602.392578125
348,4.762,12856.48046875
349,4.775,13327.09765625
350,4.789,17963.18359375
351,4.802,10806.7763671875
352,4.816,17638.50390625
353,4.830,14419.3125
354,4.843,16990.328125
355,4.857,17502.376953125
356,4.870,11749.3779296875
357,4.884,13833.39453125
358,4.897,14837.306640625
359,4.911,21985.830078125
360,4.925,24226.0546875
361,4.938,18670.318359375
362,4.952,21998.34375
363,4.965,35462.84765625
364,4.979,27491.1796875
365,4.993,17564.484375
366,5.006,16007.291015625
367,5.020,14859.54296875
368,5.033,11912.802734375
369,5.047,12310.865234375
370,5.061,12272.3330078125
371,5.074,12283.587890625
372,5.088,15401.78125
373,5.101,12106.0068359375
374,5.115,14270.83984375
375,5.129,13127.021484375
376,5.142,12418.9765625
377,5.156,10263.12109375
378,5.169,13117.85546875
379,5.183,12863.517578125
380,5.196,19469.7890625
381,5.210,17818.185546875
382,5.224,11924.365234375
383,5.237,11500.072265625
384,5.251,16925.52734375
385,5.264,14591.138671875
386,5.278,13251.060546875
387,5.292,13495.267578125
388,5.305,12041.6220703125
389,5.319,9590.388671875
390,5.332,17675.298828125
391,5.346,17725.013671875
392,5.360,12091.470703125
393,5.373,14572.080078125
394,5.387,12946.5830078125
395,5.400,11072.73828125
396,5.414,17997.947265625
397,5.427,12645.0205078125
398,5.441,10783.052734375
399,5.455,16791.728515625
400,5.468,12107.6494140625
401,5.482,11595.77734375
402,5.495,13269.5859375
403,5.509,13465.6484375
404,5.523,13587.2236328125
405,5.536,14392.1650390625
406,5.550,14554.826171875
407,5.563,11969.482421875
408,5.577,10473.654296875
409,5.591,8319.19921875
410,5.604,5947.03076171875
411,5.618,9392.142578125
412,5.631,3483.123046875
413,5.645,3632.96337890625
414,5.658,4883.478515625
415,5.672,2754.03466796875
416,5.686,1247.31433105469
417,5.699,1813.46838378906
418,5.713,1968.88500976563
419,5.726,680.06591796875
420,5.740,1428.85083007813
421,5.754,271.487609863281
422,5.767,1485.90893554688
423,5.781,1030.26489257813
424,5.794,1022.45849609375
425,5.808,480.245483398438
426,5.822,0
427,5.835,1477.44067382813
428,5.849,307.916961669922
429,5.862,730.175354003906
430,5.876,237.800003051758
431,5.889,1053.83508300781
432,5.903,1293.68188476563
433,5.917,555.562133789063
434,5.930,0
435,5.944,1726.23559570313
436,5.957,1684.44702148438
437,5.971,1542.68518066406
438,5.985,921.10009765625
439,5.998,1002.62847900391
#"+ESI EIC(203.1794, 205.1950, 221.1899, 227.1776 ...) Scan s045_m001.d "
#Point,X(Minutes),Y(Counts)
0,0.052,1331.90209960938
1,0.059,1113.59814453125
2,0.073,2960.73217773438
3,0.086,2130.35009765625
4,0.100,725.76123046875
5,0.113,429.373260498047
6,0.127,882.241455078125
7,0.141,916.530090332031
8,0.154,1397.71545410156
9,0.168,589.650756835938
10,0.181,1108.97961425781
11,0.195,0
12,0.208,302.088989257813
13,0.222,0
14,0.236,579.097900390625
15,0.249,775.226928710938
16,0.263,2012.60583496094
17,0.276,940.634887695313
18,0.290,1662.01513671875
19,0.304,954.157592773438
20,0.317,977.85595703125
21,0.331,892.789916992188
22,0.344,0
23,0.358,936.606079101563
24,0.372,585.574462890625
25,0.385,1144.42065429688
26,0.399,911.014404296875
27,0.412,430.384552001953
28,0.426,521.546447753906
29,0.439,1132.23229980469
30,0.453,1514.57006835938
31,0.467,1242.55688476563
32,0.480,657.818420410156
33,0.494,1772.02673339844
34,0.507,745.941650390625
35,0.521,1423.27416992188
36,0.535,0
37,0.548,0
38,0.562,324.688201904297
39,0.575,512.903503417969
40,0.589,529.256286621094
41,0.603,1091.82861328125
42,0.616,994.493041992188
43,0.630,0
44,0.643,1002.76885986328
45,0.657,315.291351318359
46,0.670,1237.76025390625
47,0.684,1323.52941894531
48,0.698,1131.8623046875
49,0.711,1556.67492675781
50,0.725,769.226135253906
51,0.738,344.017944335938
52,0.752,226.13410949707
53,0.766,1158.09155273438
54,0.779,830.1669921875
55,0.793,644.757141113281
56,0.806,1386.82946777344
57,0.820,1655.11877441406
58,0.834,484.153137207031
59,0.847,1191.1884765625
60,0.861,3085.82861328125
61,0.874,1811.47497558594
62,0.888,1730.95947265625
63,0.901,788.755859375
64,0.915,0
65,0.929,246.481002807617
66,0.942,1747.94848632813
67,0.956,1028.70764160156
68,0.969,1680.47875976563
69,0.983,1264.67138671875
70,0.997,2735.28344726563
71,1.010,238.680252075195
72,1.024,499.290405273438
73,1.037,822.63134765625
74,1.051,262.564025878906
75,1.065,2521.92578125
76,1.078,2448.87548828125
77,1.092,1447.17626953125
78,1.105,1770.94030761719
79,1.119,1009.60974121094
80,1.133,492.414916992188
81,1.146,1580.78588867188
82,1.160,2073.94409179688
83,1.173,1100.67553710938
84,1.187,1010.27893066406
85,1.200,1388.0068359375
86,1.214,972.617065429688
87,1.228,942.720092773438
88,1.241,0
89,1.255,669.40673828125
90,1.268,311.835632324219
91,1.282,1341.11975097656
92,1.296,1282.24560546875
93,1.309,1513.11901855469
94,1.323,633.77685546875
95,1.336,768.679992675781
96,1.350,2494.7060546875
97,1.364,2470.53076171875
98,1.377,1300.79077148438
99,1.391,0
100,1.404,1635.68872070313
101,1.418,624.505126953125
102,1.431,879.421020507813
103,1.445,564.747924804688
104,1.459,0
105,1.472,714.445861816406
106,1.486,1285.54113769531
107,1.499,673.926940917969
108,1.513,678.295654296875
109,1.527,4603.23486328125
110,1.540,1981.22265625
111,1.554,2671.76635742188
112,1.567,1341.98828125
113,1.581,204.28271484375
114,1.595,1255.48852539063
115,1.608,1250.59643554688
116,1.622,2176.98828125
117,1.635,989.222045898438
118,1.649,2046.55895996094
119,1.663,927.818603515625
120,1.676,208.045913696289
121,1.690,1224.69592285156
122,1.703,1321.02856445313
123,1.717,1977.53308105469
124,1.730,6342.5556640625
125,1.744,2035.92236328125
126,1.758,2283.96752929688
127,1.771,2419.1259765625
128,1.785,2009.06079101563
129,1.798,3947.0546875
130,1.812,20341.36328125
131,1.826,82003.9921875
132,1.839,77252.796875
133,1.853,40169.5625
134,1.866,52575.1953125
135,1.880,38288.0625
136,1.894,18060.15625
137,1.907,13712.7138671875
138,1.921,27501.38671875
139,1.934,23074.173828125
140,1.948,15087.0791015625
141,1.961,6663.67578125
142,1.975,9380.4443359375
143,1.989,6367.3232421875
144,2.002,2929.318359375
145,2.016,4712.720703125
146,2.029,3049.36206054688
147,2.043,10188.640625
148,2.057,11421.9521484375
149,2.070,57502
150,2.084,60488.68359375
151,2.097,23258.7578125
152,2.111,14738.8759765625
153,2.125,11051.6142578125
154,2.138,10070.830078125
155,2.152,8717.638671875
156,2.165,14842.52734375
157,2.179,39269.515625
158,2.192,41667.6640625
159,2.206,23238.404296875
160,2.220,15374.69921875
161,2.233,10009.4140625
162,2.247,7765.57080078125
163,2.260,6268.28076171875
164,2.274,7948.0166015625
165,2.288,17178.53515625
166,2.301,14923.853515625
167,2.315,10202.4990234375
168,2.328,27279.51953125
169,2.342,53476.1953125
170,2.356,43264.421875
171,2.369,19073.46484375
172,2.383,13653.8154296875
173,2.396,6858.4765625
174,2.410,12678.64453125
175,2.423,15274.158203125
176,2.437,22042.421875
177,2.451,23629.3125
178,2.464,16081.9287109375
179,2.478,11297.166015625
180,2.491,13146.76953125
181,2.505,8663.572265625
182,2.519,32389.498046875
183,2.532,52925.2734375
184,2.546,27588.63671875
185,2.559,20555.439453125
186,2.573,17684.00390625
187,2.587,24399.248046875
188,2.600,20307.525390625
189,2.614,23837.33984375
190,2.627,64469.6171875
191,2.641,115678.484375
192,2.654,95447.6875
193,2.668,61735.40625
194,2.682,71282.109375
195,2.695,55530.59765625
196,2.709,64751.203125
197,2.722,56870.88671875
198,2.736,33461.71875
199,2.750,147211.0625
200,2.763,122297.9375
201,2.777,68246.984375
202,2.790,47483.3125
203,2.804,58672.421875
204,2.818,67746.7578125
205,2.831,37160.7734375
206,2.845,21509.14453125
207,2.858,15577.291015625
208,2.872,13992.7177734375
209,2.886,11784.109375
210,2.899,13371.0859375
211,2.913,13072.37109375
212,2.926,12213.787109375
213,2.940,10447.126953125
214,2.953,11070.5576171875
215,2.967,7591.0107421875
216,2.981,1786.74743652344
217,2.994,1944.66516113281
218,3.008,1607.7578125
219,3.021,1470.4169921875
220,3.035,1987.46362304688
221,3.049,286.628265380859
222,3.062,2725.33251953125
223,3.076,8267.1025390625
224,3.089,4128.3203125
225,3.103,10512.603515625
226,3.117,5964.5673828125
227,3.130,10522.794921875
228,3.144,20795.412109375
229,3.157,18979.6171875
230,3.171,12692.9287109375
231,3.184,11157.1025390625
232,3.198,10697.171875
233,3.212,7897.56005859375
234,3.225,6044.4150390625
235,3.239,7699.3388671875
236,3.252,8801.576171875
237,3.266,11133.611328125
238,3.280,11760.2177734375
239,3.293,7265.59130859375
240,3.307,12981.060546875
241,3.320,12668.513671875
242,3.334,11377.7001953125
243,3.348,12675.4892578125
244,3.361,9446.365234375
245,3.375,10708.57421875
246,3.388,8841.1982421875
247,3.402,6312.1083984375
248,3.415,10620.251953125
249,3.429,10178.767578125
250,3.443,13806.546875
251,3.456,10239.1181640625
252,3.470,11792.5693359375
253,3.483,9284.650390625
254,3.497,8240.013671875
255,3.511,9830.890625
256,3.524,10793.642578125
257,3.538,10883.904296875
258,3.551,12560.701171875
259,3.565,10735.759765625
260,3.579,12150.8896484375
261,3.592,16022.98828125
262,3.606,10282.12890625
263,3.619,11556.2421875
264,3.633,12217.26171875
265,3.646,10797.64453125
266,3.660,20608.53125
267,3.674,64186.38671875
268,3.687,74072.9453125
269,3.701,38428.61328125
270,3.714,21290.55078125
271,3.728,27022.78125
272,3.742,39067.3359375
273,3.755,27408.30078125
274,3.769,70048.609375
275,3.782,170505.28125
276,3.796,157808.71875
277,3.810,85596.421875
278,3.823,57514.125
279,3.837,53742.3125
280,3.850,55235.3359375
281,3.864,36984.0546875
282,3.878,24914.7265625
283,3.891,21701.265625
284,3.905,28943.205078125
285,3.918,29335.50390625
286,3.932,25629.62890625
287,3.945,18211.166015625
288,3.959,18427.451171875
289,3.973,16494.82421875
290,3.986,18383.13671875
291,4.000,15361.9609375
292,4.013,15087.1943359375
293,4.027,17263.78515625
294,4.041,18106.15234375
295,4.054,20003.31640625
296,4.068,16118.7705078125
297,4.081,16459.634765625
298,4.095,20666.41015625
299,4.109,14137.697265625
300,4.122,12423.4375
301,4.136,15844.546875
302,4.149,10334.7529296875
303,4.163,11363.345703125
304,4.176,13233.7216796875
305,4.190,18148.046875
306,4.204,11871.7890625
307,4.217,14473.88671875
308,4.231,13288.38671875
309,4.244,10471.615234375
310,4.258,10716.234375
311,4.272,15155.478515625
312,4.285,20736.72265625
313,4.299,17844.578125
314,4.312,18729.150390625
315,4.326,19514.052734375
316,4.340,29493.04296875
317,4.353,24605.30859375
318,4.367,22273.921875
319,4.380,20918.7578125
320,4.394,15961.62109375
321,4.407,15703.36328125
322,4.421,15314.6904296875
323,4.435,19464.39453125
324,4.448,19907.62109375
325,4.462,16655.2265625
326,4.475,19377.18359375
327,4.489,21644.173828125
328,4.503,15478.287109375
329,4.516,17467.166015625
330,4.530,17917.79296875
331,4.543,21723.017578125
332,4.557,21979.197265625
333,4.571,15218.376953125
334,4.584,21115.591796875
335,4.598,15343.8828125
336,4.611,21341.27734375
337,4.625,22684.91796875
338,4.638,14788.169921875
339,4.652,12671.287109375
340,4.666,15806.095703125
341,4.679,16433.896484375
342,4.693,17954.681640625
343,4.706,14218.7353515625
344,4.720,13712.0654296875
345,4.734,13679.23046875
346,4.747,13391.521484375
347,4.761,11346.66796875
348,4.774,19271.142578125
349,4.788,16997.224609375
350,4.802,18217.57421875
351,4.815,13259.126953125
352,4.829,15509.92578125
353,4.842,21370.703125
354,4.856,16061.6171875
355,4.869,14750.9375
356,4.883,15204.9375
357,4.897,21619.80859375
358,4.910,21838.13671875
359,4.924,21806.103515625
360,4.937,19915.32421875
361,4.951,17265.615234375
362,4.965,37022.38671875
363,4.978,30410.619140625
364,4.992,19956.48046875
365,5.005,14552.77734375
366,5.019,14773.3369140625
367,5.033,19101.517578125
368,5.046,19545.91796875
369,5.060,13749.3759765625
370,5.073,14214.0478515625
371,5.087,20718.53515625
372,5.101,12886.546875
373,5.114,11810.66015625
374,5.128,9959.05078125
375,5.141,10602.076171875
376,5.155,19141.951171875
377,5.168,15574.05859375
378,5.182,11577.498046875
379,5.196,15989.365234375
380,5.209,16282.59375
381,5.223,13580.26171875
382,5.236,14853.7353515625
383,5.250,15249.802734375
384,5.264,15381.9921875
385,5.277,14401.7197265625
386,5.291,13166.6103515625
387,5.304,9653.966796875
388,5.318,15209.572265625
389,5.332,16946.544921875
390,5.345,13725.75390625
391,5.359,14926.00390625
392,5.372,12745.48046875
393,5.386,14144.1435546875
394,5.399,12706.015625
395,5.413,13431.6044921875
396,5.427,11624.0390625
397,5.440,13955.677734375
398,5.454,15214.90234375
399,5.467,13394.4970703125
400,5.481,10028.09765625
401,5.495,9898.77734375
402,5.508,17272.203125
403,5.522,11968.48046875
404,5.535,15123.3984375
405,5.549,10443.501953125
406,5.563,10940.2255859375
407,5.576,10015.916015625
408,5.590,9267.6220703125
409,5.603,10801.73828125
410,5.617,9856.4716796875
411,5.630,8493.720703125
412,5.644,2716.76611328125
413,5.658,3947.65673828125
414,5.671,4749.02734375
415,5.685,2251.55859375
416,5.698,1962.87719726563
417,5.712,1706.35278320313
418,5.726,1672.02734375
419,5.739,1028.64111328125
420,5.753,1206.17248535156
421,5.766,1214.02368164063
422,5.780,1395.59619140625
423,5.794,1595.81005859375
424,5.807,0
425,5.821,1689.7099609375
426,5.834,1175.63781738281
427,5.848,296.319732666016
428,5.861,750.668762207031
429,5.875,1471.14440917969
430,5.889,1380.47290039063
431,5.902,1000.62249755859
432,5.916,265.555847167969
433,5.929,1860.60131835938
434,5.943,1618.33276367188
435,5.957,1163.8408203125
436,5.970,1591.13244628906
437,5.984,1102.81127929688
438,5.997,836.00439453125
#"+ESI EIC(203.1794, 205.1950, 221.1899, 227.1776 ...) Scan s010_m001.d "
#Point,X(Minutes),Y(Counts)
0,0.048,0
1,0.054,222.367782592773
2,0.068,481.836486816406
3,0.082,0
4,0.095,0
5,0.109,0
6,0.122,0
7,0.136,252.390625
8,0.150,231.083923339844
9,0.163,316.748840332031
10,0.177,283.185699462891
11,0.190,229.119674682617
12,0.204,0
13,0.217,242.081634521484
14,0.231,325.136352539063
15,0.245,0
16,0.258,0
17,0.272,1022.73876953125
18,0.285,719.116821289063
19,0.299,727.547241210938
20,0.313,528.157043457031
21,0.326,0
22,0.340,893.961059570313
23,0.353,0
24,0.367,0
25,0.381,337.859527587891
26,0.394,202.732147216797
27,0.408,0
28,0.421,516.945129394531
29,0.435,0
30,0.448,348.564666748047
31,0.462,347.926239013672
32,0.476,223.156997680664
33,0.489,0
34,0.503,0
35,0.516,353.910064697266
36,0.530,0
37,0.544,307.6513671875
38,0.557,0
39,0.571,282.005859375
40,0.584,505.585632324219
41,0.598,463.305358886719
42,0.612,215.053283691406
43,0.625,0
44,0.639,721.633056640625
45,0.652,604.123168945313
46,0.666,0
47,0.680,0
48,0.693,465.860107421875
49,0.707,0
50,0.720,255.012954711914
51,0.734,0
52,0.747,736.881591796875
53,0.761,0
54,0.775,212.268859863281
55,0.788,273.102508544922
56,0.802,209.870132446289
57,0.815,239.765625
58,0.829,663.573486328125
59,0.843,783.958984375
60,0.856,0
61,0.870,300.289276123047
62,0.883,277.406524658203
63,0.897,0
64,0.911,233.508926391602
65,0.924,0
66,0.938,233.710739135742
67,0.951,435.0078125
68,0.965,827.443969726563
69,0.978,219.347061157227
70,0.992,0
71,1.006,322.2255859375
72,1.019,0
73,1.033,0
74,1.046,542.150512695313
75,1.060,315.427337646484
76,1.074,441.162139892578
77,1.087,224
78,1.101,240.911285400391
79,1.114,291.106384277344
80,1.128,0
81,1.142,228.038879394531
82,1.155,219.640991210938
83,1.169,279.046020507813
84,1.182,769.28564453125
85,1.196,0
86,1.210,0
87,1.223,438.641387939453
88,1.237,825.467407226563
89,1.250,809.705749511719
90,1.264,0
91,1.277,306.498870849609
92,1.291,838.063659667969
93,1.305,279.043243408203
94,1.318,922.6865234375
95,1.332,617.558288574219
96,1.345,1176.35205078125
97,1.359,871.489013671875
98,1.373,0
99,1.386,925.134338378906
100,1.400,706.502258300781
101,1.413,1393.56469726563
102,1.427,314.553894042969
103,1.441,634.46240234375
104,1.454,1037.33618164063
105,1.468,1418.47509765625
106,1.481,237.516128540039
107,1.495,352.284973144531
108,1.508,811.238891601563
109,1.522,2058.39111328125
110,1.536,812.93310546875
111,1.549,465.471069335938
112,1.563,1568.67578125
113,1.576,562.112243652344
114,1.590,772.267822265625
115,1.604,1007.88671875
116,1.617,636.037231445313
117,1.631,794.80322265625
118,1.644,276.055267333984
119,1.658,545.302795410156
120,1.672,0
121,1.685,544.282287597656
122,1.699,679.894287109375
123,1.712,0
124,1.726,3227.72314453125
125,1.739,807.590393066406
126,1.753,2741.86547851563
127,1.767,1632.45080566406
128,1.780,559.429748535156
129,1.794,3574.32397460938
130,1.807,9456.2001953125
131,1.821,32293.720703125
132,1.835,1769.0615234375
133,1.848,12235.29296875
134,1.862,1945.46337890625
135,1.875,26790.884765625
136,1.889,16259.0986328125
137,1.903,13650.259765625
138,1.916,7980.08984375
139,1.930,9643.439453125
140,1.943,16260.583984375
141,1.957,87386.5078125
142,1.970,45059.36328125
143,1.984,24773.37890625
144,1.998,18767.306640625
145,2.011,11755.8837890625
146,2.025,11006.03125
147,2.038,27557.60546875
148,2.052,135543.109375
149,2.066,200302.234375
150,2.079,119260.65625
151,2.093,66945.84375
152,2.106,47811.41796875
153,2.120,29029.283203125
154,2.134,23794.734375
155,2.147,16449.251953125
156,2.161,21537.33203125
157,2.174,46224.36328125
158,2.188,33396.6953125
159,2.201,20166.462890625
160,2.215,18593.916015625
161,2.229,37220.23046875
162,2.242,80234.65625
163,2.256,73644.34375
164,2.269,46855.34375
165,2.283,25361.6015625
166,2.297,15497.9658203125
167,2.310,9571.72265625
168,2.324,7830.80908203125
169,2.337,2158.0986328125
170,2.351,5566.46240234375
171,2.365,2007.81921386719
172,2.378,3977.69555664063
173,2.392,6508.16796875
174,2.405,10532.6494140625
175,2.419,14792.1591796875
176,2.433,6276.80078125
177,2.446,6989.03955078125
178,2.460,3433.48168945313
179,2.473,5732.3212890625
180,2.487,25470.61328125
181,2.500,87882.84375
182,2.514,70395.3984375
183,2.528,36979.8984375
184,2.541,18362.353515625
185,2.555,10975.990234375
186,2.568,8745.474609375
187,2.582,11552.369140625
188,2.596,105744.21875
189,2.609,186684.234375
190,2.623,175066.140625
191,2.636,122454.09375
192,2.650,76523.5859375
193,2.664,48565.5234375
194,2.677,34303.5859375
195,2.691,25970.330078125
196,2.704,14569.486328125
197,2.718,26019.560546875
198,2.731,177362.546875
199,2.745,297589.53125
200,2.759,213923.40625
201,2.772,116740.8125
202,2.786,57979.45703125
203,2.799,49800.3046875
204,2.813,23375.4296875
205,2.827,20232.869140625
206,2.840,14653.982421875
207,2.854,17893.26171875
208,2.867,25508.138671875
209,2.881,17788.556640625
210,2.895,12474.54296875
211,2.908,7118.14453125
212,2.922,6601.2158203125
213,2.935,7930.162109375
214,2.949,9845.818359375
215,2.962,4788.9287109375
216,2.976,2265.00244140625
217,2.990,0
218,3.003,481.292510986328
219,3.017,991.808227539063
220,3.030,209.205123901367
221,3.044,1269.13269042969
222,3.058,263.88134765625
223,3.071,0
224,3.085,0
225,3.098,5250.1904296875
226,3.112,4357.6650390625
227,3.126,9126.0966796875
228,3.139,15951.1796875
229,3.153,11600.9921875
230,3.166,4352.6376953125
231,3.180,823.586059570313
232,3.193,7588.29638671875
233,3.207,5442.7548828125
234,3.221,2937.44189453125
235,3.234,2040.75329589844
236,3.248,3244.9765625
237,3.261,1864.85034179688
238,3.275,1808.47973632813
239,3.289,1916.58117675781
240,3.302,3552.31689453125
241,3.316,7371.11669921875
242,3.329,9005.7451171875
243,3.343,6242.7109375
244,3.357,5586.95556640625
245,3.370,3275.20263671875
246,3.384,2072.173828125
247,3.397,2846.48291015625
248,3.411,1448.71435546875
249,3.424,4625.8544921875
250,3.438,8346.40625
251,3.452,4518.34765625
252,3.465,2372.20654296875
253,3.479,3271.18041992188
254,3.492,3504.31982421875
255,3.506,2517.51708984375
256,3.520,2832.20874023438
257,3.533,3761.1806640625
258,3.547,3592.21020507813
259,3.560,3655.27465820313
260,3.574,1297.3828125
261,3.588,1362.18200683594
262,3.601,2739.423828125
263,3.615,2373.39990234375
264,3.628,807.651611328125
265,3.642,2026.56677246094
266,3.656,565.720947265625
267,3.669,1645.23156738281
268,3.683,2170.9423828125
269,3.696,2507.1025390625
270,3.710,1474.4833984375
271,3.723,833.245971679688
272,3.737,438.449005126953
273,3.751,3082.37426757813
274,3.764,2866.6435546875
275,3.778,2205.17114257813
276,3.791,1497.36669921875
277,3.805,3071.54443359375
278,3.819,3243.21728515625
279,3.832,2466.62768554688
280,3.846,2401.65283203125
281,3.859,1630.22924804688
282,3.873,2201.138671875
283,3.887,2631.03491210938
284,3.900,687.357666015625
285,3.914,1596.69311523438
286,3.927,3834.76831054688
287,3.941,1455.75646972656
288,3.955,1200.96484375
289,3.968,1580.41748046875
290,3.982,1457.41186523438
291,3.995,1729.90490722656
292,4.009,864.220581054688
293,4.022,2454.26489257813
294,4.036,2004.62622070313
295,4.050,1507.07861328125
296,4.063,300.920288085938
297,4.077,1331.67797851563
298,4.090,1301.00305175781
299,4.104,1326.89611816406
300,4.118,1473.15808105469
301,4.131,870.127258300781
302,4.145,360.758392333984
303,4.158,1023.31799316406
304,4.172,1753.43017578125
305,4.186,2844.20703125
306,4.199,2200.91064453125
307,4.213,2366.50561523438
308,4.226,1605.1240234375
309,4.240,2067.98779296875
310,4.253,3311.86010742188
311,4.267,1184.20825195313
312,4.281,912.287292480469
313,4.294,2582.93359375
314,4.308,2975.36669921875
315,4.321,1023.62512207031
316,4.335,1363.06848144531
317,4.349,1366.787109375
318,4.362,1623.28833007813
319,4.376,1191.8720703125
320,4.389,2801.93627929688
321,4.403,2340.12744140625
322,4.417,0
323,4.430,1030.75891113281
324,4.444,1965.12097167969
325,4.457,3625.275390625
326,4.471,3305.724609375
327,4.484,980.87841796875
328,4.498,1637.79614257813
329,4.512,2489.02880859375
330,4.525,2416.357421875
331,4.539,1985.67761230469
332,4.552,1068.22131347656
333,4.566,2853.62939453125
334,4.580,2769.49658203125
335,4.593,1968.94702148438
336,4.607,757.406799316406
337,4.620,907.889282226563
338,4.634,3890.41430664063
339,4.648,2842.6953125
340,4.661,0
341,4.675,1607.88745117188
342,4.688,981.299499511719
343,4.702,780.847412109375
344,4.715,1972.34606933594
345,4.729,2415.97680664063
346,4.743,1373.03674316406
347,4.756,2931.94458007813
348,4.770,2373.9833984375
349,4.783,3070.19384765625
350,4.797,4037.4873046875
351,4.811,1607.42211914063
352,4.824,1819.52880859375
353,4.838,1888.43359375
354,4.851,3225.78857421875
355,4.865,4079.79370117188
356,4.879,2878.92749023438
357,4.892,632.021301269531
358,4.906,3787.04833984375
359,4.919,1934.81127929688
360,4.933,1568.29235839844
361,4.946,3326.84375
362,4.960,1459.35131835938
363,4.974,2997.78833007813
364,4.987,1966.42211914063
365,5.001,2522.5703125
366,5.014,1827.30358886719
367,5.028,2007.46740722656
368,5.042,1216.98461914063
369,5.055,1271.05541992188
370,5.069,2932.6982421875
371,5.082,2015.64672851563
372,5.096,739.085205078125
373,5.110,1676.59899902344
374,5.123,3130.70532226563
375,5.137,1748.14794921875
376,5.150,2218.35986328125
377,5.164,978.71142578125
378,5.178,2289.6044921875
379,5.191,3509.32299804688
380,5.205,1413.25170898438
381,5.218,994.544311523438
382,5.232,3099.6162109375
383,5.245,0
384,5.259,2267.078125
385,5.273,1893.06896972656
386,5.286,275.117889404297
387,5.300,2726.3134765625
388,5.313,1634.10278320313
389,5.327,2949.1376953125
390,5.341,820.713500976563
391,5.354,916.94482421875
392,5.368,2264.60375976563
393,5.381,1302.34802246094
394,5.395,1623.62341308594
395,5.409,2800.3076171875
396,5.422,2086.54321289063
397,5.436,1036.58618164063
398,5.449,2287.9453125
399,5.463,1617.06787109375
400,5.476,1334.47985839844
401,5.490,1612.9560546875
402,5.504,3035.45263671875
403,5.517,2179
404,5.531,1744.04858398438
405,5.544,3253.97241210938
406,5.558,1068.76416015625
407,5.572,3730.38745117188
408,5.585,2440.68823242188
409,5.599,1089.681640625
410,5.612,1632.84606933594
411,5.626,1663.90649414063
412,5.640,377.647521972656
413,5.653,2070.54077148438
414,5.667,937.50439453125
415,5.680,0
416,5.694,0
417,5.707,312.901489257813
418,5.721,251.964935302734
419,5.735,1591.32189941406
420,5.748,462.835205078125
421,5.762,522.561218261719
422,5.775,510.823486328125
423,5.789,239.643310546875
424,5.803,590.335327148438
425,5.816,0
426,5.830,0
427,5.843,0
428,5.857,0
429,5.871,343.473388671875
430,5.884,496.046020507813
431,5.898,0
432,5.911,514.303161621094
433,5.925,599.230407714844
434,5.938,256.553863525391
435,5.952,0
436,5.966,0
437,5.979,977.339111328125
438,5.993,0
#"+ESI EIC(203.1794, 205.1950, 221.1899, 227.1776 ...) Scan s011_m001.d "
#Point,X(Minutes),Y(Counts)
0,0.046,0
1,0.053,301.922119140625
2,0.066,554.563232421875
3,0.080,0
4,0.093,0
5,0.107,0
6,0.120,0
7,0.134,609.422485351563
8,0.148,0
9,0.161,528.161987304688
10,0.175,0
11,0.188,572.093383789063
12,0.202,0
13,0.216,0
14,0.229,501.428314208984
15,0.243,0
16,0.256,1238.88549804688
17,0.270,963.271850585938
18,0.284,0
19,0.297,0
20,0.311,0
21,0.324,957.535400390625
22,0.338,0
23,0.351,0
24,0.365,540.058776855469
25,0.379,473.939270019531
26,0.392,463.525329589844
27,0.406,0
28,0.419,223.004623413086
29,0.433,499.489685058594
30,0.447,0
31,0.460,0
32,0.474,289.548492431641
33,0.487,0
34,0.501,291.380279541016
35,0.515,297.302154541016
36,0.528,0
37,0.542,0
38,0.555,221.011367797852
39,0.569,309.039093017578
40,0.583,0
41,0.596,0
42,0.610,0
43,0.623,282.543090820313
44,0.637,292.752288818359
45,0.650,232.580078125
46,0.664,0
47,0.678,0
48,0.691,0
49,0.705,0
50,0.718,336.658966064453
51,0.732,0
52,0.746,0
53,0.759,0
54,0.773,0
55,0.786,257.191040039063
56,0.800,0
57,0.814,0
58,0.827,1104.58605957031
59,0.841,0
60,0.854,205.151229858398
61,0.868,0
62,0.881,250.174819946289
63,0.895,710.018432617188
64,0.909,267.039825439453
65,0.922,851.668334960938
66,0.936,228.412796020508
67,0.949,0
68,0.963,237.561050415039
69,0.977,0
70,0.990,0
71,1.004,1155.07568359375
72,1.017,1151.43676757813
73,1.031,268.888000488281
74,1.045,219.185699462891
75,1.058,678.903930664063
76,1.072,277.25830078125
77,1.085,976.369995117188
78,1.099,235.088760375977
79,1.112,1258.14697265625
80,1.126,288.080444335938
81,1.140,0
82,1.153,0
83,1.167,263.002990722656
84,1.180,358.215484619141
85,1.194,343.517974853516
86,1.208,0
87,1.221,212.070571899414
88,1.235,507.046630859375
89,1.248,542.190063476563
90,1.262,0
91,1.276,614.688232421875
92,1.289,1391.07055664063
93,1.303,1383.31176757813
94,1.316,968.219543457031
95,1.330,2019.47973632813
96,1.343,716.117553710938
97,1.357,1109.64672851563
98,1.371,390.426177978516
99,1.384,784.313110351563
100,1.398,1807.43359375
101,1.411,309.695526123047
102,1.425,0
103,1.439,2244.22631835938
104,1.452,0
105,1.466,220.931198120117
106,1.479,0
107,1.493,207
108,1.507,219.868423461914
109,1.520,1272.28857421875
110,1.534,298.110046386719
111,1.547,0
112,1.561,260.507049560547
113,1.575,225.015518188477
114,1.588,620.036376953125
115,1.602,213.308822631836
116,1.615,695.5439453125
117,1.629,0
118,1.642,744.988586425781
119,1.656,1240.88562011719
120,1.670,708.625854492188
121,1.683,264.100952148438
122,1.697,661.296020507813
123,1.710,636.35595703125
124,1.724,403.571899414063
125,1.738,1123.44421386719
126,1.751,1872.28442382813
127,1.765,909.433715820313
128,1.778,2430.09643554688
129,1.792,1386.39172363281
130,1.806,8089.11474609375
131,1.819,760.313415527344
132,1.833,30811.150390625
133,1.846,4855.2890625
134,1.860,28502.294921875
135,1.873,33118.78515625
136,1.887,27824.1640625
137,1.901,17010.525390625
138,1.914,10167.439453125
139,1.928,13395.1025390625
140,1.941,60392.10546875
141,1.955,1204.06091308594
142,1.969,96258.9453125
143,1.982,44718.77734375
144,1.996,26148.943359375
145,2.009,21684.869140625
146,2.023,16056.9150390625
147,2.037,30265.759765625
148,2.050,164656.734375
149,2.064,319757.21875
150,2.077,211613.21875
151,2.091,114844.953125
152,2.104,79631.6796875
153,2.118,49869.80078125
154,2.132,34273.56640625
155,2.145,20726.720703125
156,2.159,24132.6640625
157,2.172,67523.15625
158,2.186,50619.47265625
159,2.200,33173.28515625
160,2.213,27278.642578125
161,2.227,55339.7890625
162,2.240,130839.578125
163,2.254,115002.40625
164,2.268,75116.09375
165,2.281,44376.54296875
166,2.295,22514.923828125
167,2.308,16832.173828125
168,2.322,9648.5751953125
169,2.335,9381.115234375
170,2.349,7942.89892578125
171,2.363,4624.48486328125
172,2.376,5088.23974609375
173,2.390,7436.36669921875
174,2.403,13678.3935546875
175,2.417,12408.099609375
176,2.431,9055.888671875
177,2.444,3306.07080078125
178,2.458,6166.1416015625
179,2.471,5522.060546875
180,2.485,27683.3515625
181,2.499,117950.75
182,2.512,103853.9453125
183,2.526,58888.671875
184,2.539,28396.58984375
185,2.553,17689.82421875
186,2.566,16793.517578125
187,2.580,16087.1328125
188,2.594,114126.6015625
189,2.607,275037.9375
190,2.621,244286.90625
191,2.634,150193.859375
192,2.648,99281.96875
193,2.662,68972.875
194,2.675,47560.67578125
195,2.689,27429.97265625
196,2.702,19797.56640625
197,2.716,31650.77734375
198,2.730,277203.28125
199,2.743,469193.8125
200,2.757,332136.34375
201,2.770,217099.0625
202,2.784,127001.9296875
203,2.798,83516.28125
204,2.811,50638.69140625
205,2.825,39452.91796875
206,2.838,30168.4375
207,2.852,1212.13989257813
208,2.865,35757.6875
209,2.879,45734.7421875
210,2.893,19901.89453125
211,2.906,15463.630859375
212,2.920,8117.3740234375
213,2.933,11553.1904296875
214,2.947,14694.947265625
215,2.961,7341.06884765625
216,2.974,4314.09326171875
217,2.988,303.340728759766
218,3.001,899.326293945313
219,3.015,6144.32958984375
220,3.029,284.68994140625
221,3.042,581.516967773438
222,3.056,1201.32446289063
223,3.069,612.415100097656
224,3.083,0
225,3.096,5475.0107421875
226,3.110,4768.705078125
227,3.124,6367.23486328125
228,3.137,15039.4638671875
229,3.151,17548.232421875
230,3.164,8802.8603515625
231,3.178,11056.3388671875
232,3.192,8473.810546875
233,3.205,6353.140625
234,3.219,3587.3447265625
235,3.232,2005.6728515625
236,3.246,4137.57763671875
237,3.260,4608.265625
238,3.273,2084.12353515625
239,3.287,1613.52612304688
240,3.300,1266.18908691406
241,3.314,10859.8564453125
242,3.328,12299.822265625
243,3.341,5783.3271484375
244,3.355,3142.734375
245,3.368,5524.80517578125
246,3.382,4058.42578125
247,3.395,1344.84216308594
248,3.409,3048.92016601563
249,3.423,5344.40869140625
250,3.436,10618.8642578125
251,3.450,6006.32666015625
252,3.463,5527.00634765625
253,3.477,3273.24267578125
254,3.491,1726.92553710938
255,3.504,1659.09375
256,3.518,2712.55883789063
257,3.531,2903.1513671875
258,3.545,3643.61669921875
259,3.559,3816.86474609375
260,3.572,4468.0048828125
261,3.586,3879.916015625
262,3.599,2320.45385742188
263,3.613,479.872436523438
264,3.626,1158.85229492188
265,3.640,1026.484375
266,3.654,1098.3115234375
267,3.667,1458.24865722656
268,3.681,1898.24975585938
269,3.694,1366.45141601563
270,3.708,1115.48986816406
271,3.722,2733.5234375
272,3.735,1500.46569824219
273,3.749,1400.20434570313
274,3.762,4062.0595703125
275,3.776,1925.68090820313
276,3.790,1644.05749511719
277,3.803,1701.70324707031
278,3.817,2146.3115234375
279,3.830,2654.67138671875
280,3.844,4925.30859375
281,3.857,2557.3359375
282,3.871,2432.41333007813
283,3.885,2351.66357421875
284,3.898,726.59521484375
285,3.912,3325.62646484375
286,3.925,4268.40771484375
287,3.939,1126.63098144531
288,3.953,1681.60021972656
289,3.966,3169.77905273438
290,3.980,1307.59289550781
291,3.993,2532.96728515625
292,4.007,912.36669921875
293,4.021,2856.06787109375
294,4.034,2054.66674804688
295,4.048,2147.52075195313
296,4.061,2063.57861328125
297,4.075,2342.05712890625
298,4.088,2275.23486328125
299,4.102,2105.99243164063
300,4.116,3656.9375
301,4.129,1035.82641601563
302,4.143,2308.34399414063
303,4.156,1657.52490234375
304,4.170,1656.55212402344
305,4.184,1069.27392578125
306,4.197,2385.12890625
307,4.211,2893.27807617188
308,4.224,1474.75256347656
309,4.238,1716.65124511719
310,4.252,1161.7578125
311,4.265,1519.91955566406
312,4.279,574.02099609375
313,4.292,3202.50146484375
314,4.306,1097.80786132813
315,4.320,1380.05725097656
316,4.333,3293.11596679688
317,4.347,2087.83349609375
318,4.360,1044.61303710938
319,4.374,1879.10656738281
320,4.387,3822.77319335938
321,4.401,2715.888671875
322,4.415,2743.97802734375
323,4.428,4028.6171875
324,4.442,1397.24487304688
325,4.455,763.654907226563
326,4.469,1724.13989257813
327,4.483,3432.3505859375
328,4.496,1961.59741210938
329,4.510,1576.82202148438
330,4.523,1708.17724609375
331,4.537,2052.84423828125
332,4.551,309.296813964844
333,4.564,554.61181640625
334,4.578,3526.2861328125
335,4.591,0
336,4.605,2307.14477539063
337,4.618,2165.03979492188
338,4.632,2269.38818359375
339,4.646,1252.59790039063
340,4.659,1422.6015625
341,4.673,2190.06811523438
342,4.686,1361.7431640625
343,4.700,2737.65991210938
344,4.714,2799.373046875
345,4.727,4413.05517578125
346,4.741,3077.22241210938
347,4.754,2778.55517578125
348,4.768,2846.29931640625
349,4.782,3401.17016601563
350,4.795,2419.88623046875
351,4.809,232.300796508789
352,4.822,2647.48657226563
353,4.836,1287.61474609375
354,4.849,4490.32421875
355,4.863,2274.2451171875
356,4.877,4407.609375
357,4.890,2663.5771484375
358,4.904,2446.11962890625
359,4.917,1924.828125
360,4.931,1789.52526855469
361,4.945,1373.7431640625
362,4.958,3477.69946289063
363,4.972,2393.56298828125
364,4.985,1697.50512695313
365,4.999,4850.716796875
366,5.013,2081.62524414063
367,5.026,3016.599609375
368,5.040,2438.37158203125
369,5.053,833.870544433594
370,5.067,3085.26049804688
371,5.080,946.10546875
372,5.094,1450.22485351563
373,5.108,2676.2470703125
374,5.121,4265.00390625
375,5.135,2240.14428710938
376,5.148,604.889892578125
377,5.162,2654.30834960938
378,5.176,2521.916015625
379,5.189,2196.375
380,5.203,1423.01574707031
381,5.216,3894.08740234375
382,5.230,777.520935058594
383,5.244,1820.35546875
384,5.257,2721.31103515625
385,5.271,2666.01904296875
386,5.284,710.078735351563
387,5.298,3192.98583984375
388,5.312,1109.17736816406
389,5.325,1737.15197753906
390,5.339,1329.76831054688
391,5.352,1532.00341796875
392,5.366,1113.462890625
393,5.379,0
394,5.393,1073.72570800781
395,5.407,953.907287597656
396,5.420,1953.04418945313
397,5.434,1749.177734375
398,5.447,1244.41882324219
399,5.461,1468.89440917969
400,5.475,2948.24829101563
401,5.488,2126.01123046875
402,5.502,1348.9755859375
403,5.515,1333.68579101563
404,5.529,1621.52087402344
405,5.543,1901.93530273438
406,5.556,1681.09155273438
407,5.570,491.839294433594
408,5.583,2664.4189453125
409,5.597,202
410,5.610,1168.32092285156
411,5.624,1529.16735839844
412,5.638,1540.24645996094
413,5.651,526.207641601563
414,5.665,849.177368164063
415,5.678,0
416,5.692,605.745361328125
417,5.706,344.047302246094
418,5.719,256.427337646484
419,5.733,0
420,5.746,264.490478515625
421,5.760,746.591918945313
422,5.774,223.122131347656
423,5.787,252.27717590332
424,5.801,0
425,5.814,0
426,5.828,320.571868896484
427,5.841,0
428,5.855,0
429,5.869,0
430,5.882,232.6875
431,5.896,0
432,5.909,304.0205078125
433,5.923,443.064483642578
434,5.937,0
435,5.950,0
436,5.964,307.301177978516
437,5.977,0
438,5.991,0
#"+ESI EIC(203.1794, 205.1950, 221.1899, 227.1776 ...) Scan s012_m001.d "
#Point,X(Minutes),Y(Counts)
0,0.045,0
1,0.051,0
2,0.065,232.480133056641
3,0.079,0
4,0.092,0
5,0.106,0
6,0.119,0
7,0.133,347.717559814453
8,0.147,549.709533691406
9,0.160,295.531372070313
10,0.174,0
11,0.187,0
12,0.201,585.607055664063
13,0.214,230.216659545898
14,0.228,0
15,0.242,0
16,0.255,582.171081542969
17,0.269,1336.140625
18,0.282,745.385375976563
19,0.296,237.403335571289
20,0.310,312.036346435547
21,0.323,0
22,0.337,585.776550292969
23,0.350,0
24,0.364,227.24853515625
25,0.378,642.631713867188
26,0.391,0
27,0.405,1232.67211914063
28,0.418,0
29,0.432,0
30,0.445,536.436889648438
31,0.459,0
32,0.473,0
33,0.486,262.482330322266
34,0.500,326.005004882813
35,0.513,0
36,0.527,575.160034179688
37,0.541,0
38,0.554,0
39,0.568,728.669555664063
40,0.581,0
41,0.595,220.002822875977
42,0.609,0
43,0.622,259.103302001953
44,0.636,248.457595825195
45,0.649,258.048797607422
46,0.663,0
47,0.676,548.181518554688
48,0.690,279.592590332031
49,0.704,580.957763671875
50,0.717,279.059478759766
51,0.731,0
52,0.744,0
53,0.758,0
54,0.772,281.036437988281
55,0.785,0
56,0.799,0
57,0.812,319.540710449219
58,0.826,0
59,0.840,700.120056152344
60,0.853,572.38134765625
61,0.867,579.732238769531
62,0.880,0
63,0.894,0
64,0.907,305.570678710938
65,0.921,218.104919433594
66,0.935,0
67,0.948,0
68,0.962,242.007568359375
69,0.975,622.575439453125
70,0.989,606.308715820313
71,1.003,427.2578125
72,1.016,643.697631835938
73,1.030,307.480865478516
74,1.043,1081.06225585938
75,1.057,0
76,1.071,571.251342773438
77,1.084,234.207641601563
78,1.098,0
79,1.111,0
80,1.125,0
81,1.138,0
82,1.152,0
83,1.166,633.29541015625
84,1.179,476.770416259766
85,1.193,205.241989135742
86,1.206,273.043731689453
87,1.220,451.123168945313
88,1.234,1080.72888183594
89,1.247,1067.06774902344
90,1.261,689.9833984375
91,1.274,660.078125
92,1.288,635.705078125
93,1.302,893.596862792969
94,1.315,1275.43920898438
95,1.329,800.5458984375
96,1.342,209.062316894531
97,1.356,1193.84155273438
98,1.370,1087.0498046875
99,1.383,474.892791748047
100,1.397,264.421508789063
101,1.410,989.4853515625
102,1.424,493.801025390625
103,1.437,532.114990234375
104,1.451,1215.41088867188
105,1.465,922.0986328125
106,1.478,552.411987304688
107,1.492,966.99169921875
108,1.505,609.652526855469
109,1.519,1146.79748535156
110,1.533,462.65625
111,1.546,2235.02172851563
112,1.560,1656.11315917969
113,1.573,573.640991210938
114,1.587,224.66667175293
115,1.601,1361.75866699219
116,1.614,1730.74340820313
117,1.628,655.774169921875
118,1.641,939.0234375
119,1.655,1117.13720703125
120,1.668,1243.41577148438
121,1.682,296.034759521484
122,1.696,729.299926757813
123,1.709,994.510437011719
124,1.723,1476.06884765625
125,1.736,1303.720703125
126,1.750,968.728088378906
127,1.764,2454.39868164063
128,1.777,922.480102539063
129,1.791,2929.83032226563
130,1.804,1631.57177734375
131,1.818,29704.34765625
132,1.832,34159.58984375
133,1.845,18053.580078125
134,1.859,1676.87902832031
135,1.872,24088.494140625
136,1.886,27179.25390625
137,1.899,19998.30078125
138,1.913,11230.8271484375
139,1.927,9777.373046875
140,1.940,56502.0859375
141,1.954,133549.59375
142,1.967,96001.796875
143,1.981,48001.1875
144,1.995,26609.79296875
145,2.008,17135.982421875
146,2.022,19995.638671875
147,2.035,24339.875
148,2.049,122356.1171875
149,2.063,289513.375
150,2.076,207026.71875
151,2.090,115953.765625
152,2.103,72239.2109375
153,2.117,61146.2421875
154,2.131,32767.83984375
155,2.144,22605.48828125
156,2.158,25541.888671875
157,2.171,53344.58984375
158,2.185,50951.0078125
159,2.198,10653.3193359375
160,2.212,26109.955078125
161,2.226,50997.640625
162,2.239,133464.78125
163,2.253,110257.9375
164,2.266,79047.78125
165,2.280,44936.91015625
166,2.294,20580.638671875
167,2.307,12795.40234375
168,2.321,11498.23046875
169,2.334,12206.244140625
170,2.348,8812.279296875
171,2.362,7704.3095703125
172,2.375,3595.84326171875
173,2.389,5826.6005859375
174,2.402,11050.435546875
175,2.416,13642.380859375
176,2.429,8375.6416015625
177,2.443,4471.4677734375
178,2.457,5745.81005859375
179,2.470,7436.5830078125
180,2.484,20086.521484375
181,2.497,92831.875
182,2.511,91275.984375
183,2.525,52598.83203125
184,2.538,29001.849609375
185,2.552,17581.5078125
186,2.565,13707.287109375
187,2.579,16383.392578125
188,2.593,92816.6953125
189,2.606,252254.453125
190,2.620,250519.234375
191,2.633,154511.625
192,2.647,107831.453125
193,2.660,66087.21875
194,2.674,50890.41796875
195,2.688,32999.61328125
196,2.701,25240.26171875
197,2.715,40681.46875
198,2.728,298879.9375
199,2.742,433033.09375
200,2.756,318477
201,2.769,203119.265625
202,2.783,1435.908203125
203,2.796,71644.09375
204,2.810,47034.875
205,2.824,44733.67578125
206,2.837,28191.8359375
207,2.851,32820.30859375
208,2.864,56638.02734375
209,2.878,45151.953125
210,2.892,24296.3359375
211,2.905,11619.8173828125
212,2.919,9782.841796875
213,2.932,11417.0869140625
214,2.946,16380.8544921875
215,2.959,13555.962890625
216,2.973,639.495483398438
217,2.987,405.807525634766
218,3.000,0
219,3.014,0
220,3.027,1376.44567871094
221,3.041,3072.93505859375
222,3.055,2628.8564453125
223,3.068,593.836303710938
224,3.082,1009.68676757813
225,3.095,0
226,3.109,1400.51245117188
227,3.123,8245.0107421875
228,3.136,16981.5
229,3.150,17516.97265625
230,3.163,7435.84423828125
231,3.177,7127.56591796875
232,3.190,9033.794921875
233,3.204,6316.5224609375
234,3.218,3171.36254882813
235,3.231,5052.40673828125
236,3.245,736.209899902344
237,3.258,3140.73583984375
238,3.272,1817.40295410156
239,3.286,2857.97119140625
240,3.299,2862.39965820313
241,3.313,8918.400390625
242,3.326,14890.3515625
243,3.340,7096.86328125
244,3.354,4954.8251953125
245,3.367,5769.4462890625
246,3.381,4859.08837890625
247,3.394,6210.31640625
248,3.408,1479.71008300781
249,3.421,4585.662109375
250,3.435,13219.39453125
251,3.449,8326.2197265625
252,3.462,6679.5537109375
253,3.476,3416.16088867188
254,3.489,5005.822265625
255,3.503,3413.04150390625
256,3.517,3774.14233398438
257,3.530,1238.6669921875
258,3.544,4055.2119140625
259,3.557,4437.10791015625
260,3.571,5735.6083984375
261,3.585,2776.37280273438
262,3.598,3046.80078125
263,3.612,3792.59033203125
264,3.625,2319.4677734375
265,3.639,1498.5751953125
266,3.652,1949.439453125
267,3.666,2466.7421875
268,3.680,2248.97900390625
269,3.693,4340.30419921875
270,3.707,2933.80322265625
271,3.720,2137.40185546875
272,3.734,2555.32177734375
273,3.748,3221.00390625
274,3.761,1807.27575683594
275,3.775,2241.09814453125
276,3.788,729.267822265625
277,3.802,2792.4990234375
278,3.816,0
279,3.829,3216.43823242188
280,3.843,1851.09716796875
281,3.856,1355.28002929688
282,3.870,1392.03771972656
283,3.883,3315.69018554688
284,3.897,2669.15771484375
285,3.911,3157.90795898438
286,3.924,699.909362792969
287,3.938,1609.892578125
288,3.951,1105.90698242188
289,3.965,2706.87548828125
290,3.979,938.521728515625
291,3.992,3551.04052734375
292,4.006,2788.8349609375
293,4.019,638.928833007813
294,4.033,1402.9658203125
295,4.047,1524.00830078125
296,4.060,1277.82055664063
297,4.074,834.824096679688
298,4.087,1701.60437011719
299,4.101,915.7236328125
300,4.115,490.093811035156
301,4.128,966.04931640625
302,4.142,2769.48876953125
303,4.155,1269.24658203125
304,4.169,2313.39868164063
305,4.182,1411.40124511719
306,4.196,2654.1806640625
307,4.210,3948.02392578125
308,4.223,1794.234375
309,4.237,584.07763671875
310,4.250,697.019653320313
311,4.264,4372.18603515625
312,4.278,1302.38879394531
313,4.291,2711.724609375
314,4.305,1973.76916503906
315,4.318,1649.88659667969
316,4.332,4583.3525390625
317,4.346,1551.00830078125
318,4.359,1262.32080078125
319,4.373,3698.9912109375
320,4.386,3809.15478515625
321,4.400,4167.64111328125
322,4.413,4336.232421875
323,4.427,3481.56494140625
324,4.441,2008.3037109375
325,4.454,603.057250976563
326,4.468,2066.80908203125
327,4.481,2207.720703125
328,4.495,3610.525390625
329,4.509,3013.92407226563
330,4.522,2187.89428710938
331,4.536,1650.62658691406
332,4.549,2599.09521484375
333,4.563,717.775756835938
334,4.577,2216.38549804688
335,4.590,2313.93359375
336,4.604,3074.89453125
337,4.617,1794.31518554688
338,4.631,3566.6142578125
339,4.644,1899.955078125
340,4.658,630.750366210938
341,4.672,2222.39697265625
342,4.685,2320.22021484375
343,4.699,2507.11791992188
344,4.712,1662.59558105469
345,4.726,3508.4921875
346,4.740,2167.17309570313
347,4.753,5045.3994140625
348,4.767,4107.6591796875
349,4.780,2196.6875
350,4.794,2315.9482421875
351,4.808,1606.13146972656
352,4.821,1526.7626953125
353,4.835,2623.12182617188
354,4.848,4274.64453125
355,4.862,2269.20288085938
356,4.875,663.167602539063
357,4.889,2058.83081054688
358,4.903,2637.37670898438
359,4.916,2628.005859375
360,4.930,2054.28247070313
361,4.943,2168.73803710938
362,4.957,3071.58471679688
363,4.971,2333.02392578125
364,4.984,1209.97021484375
365,4.998,1650.14770507813
366,5.011,1206.0166015625
367,5.025,910.605712890625
368,5.039,576.168212890625
369,5.052,1556.2080078125
370,5.066,2207.70703125
371,5.079,2978.921875
372,5.093,2195.09399414063
373,5.107,2272.4658203125
374,5.120,3108.07275390625
375,5.134,1004.85913085938
376,5.147,2575.1337890625
377,5.161,1412.67724609375
378,5.174,2705.8857421875
379,5.188,705.395324707031
380,5.202,1609.85888671875
381,5.215,2035.77661132813
382,5.229,1567.10278320313
383,5.242,2576.24169921875
384,5.256,2978.70947265625
385,5.270,2252.56640625
386,5.283,2360.43310546875
387,5.297,3417.9951171875
388,5.310,2413.83618164063
389,5.324,2372.93603515625
390,5.338,1662.11889648438
391,5.351,834.476501464844
392,5.365,671.557983398438
393,5.378,1891.62609863281
394,5.392,1333.14819335938
395,5.406,363.234130859375
396,5.419,1616.46142578125
397,5.433,1370.75305175781
398,5.446,2156.80200195313
399,5.460,662.50634765625
400,5.473,598.771240234375
401,5.487,1566.728515625
402,5.501,1716.41784667969
403,5.514,2413.09619140625
404,5.528,1749.173828125
405,5.541,647.336547851563
406,5.555,2092.05908203125
407,5.569,1550.41967773438
408,5.582,2059.10424804688
409,5.596,611.000183105469
410,5.609,2489.58935546875
411,5.623,1076.42895507813
412,5.637,1473.45153808594
413,5.650,0
414,5.664,933.045654296875
415,5.677,558.908081054688
416,5.691,0
417,5.704,436.267791748047
418,5.718,0
419,5.732,283.531646728516
420,5.745,0
421,5.759,541.509948730469
422,5.772,0
423,5.786,400.030792236328
424,5.800,310.486511230469
425,5.813,630.197998046875
426,5.827,285.173492431641
427,5.840,600.043090820313
428,5.854,326.366943359375
429,5.868,258.155120849609
430,5.881,0
431,5.895,0
432,5.908,659.696166992188
433,5.922,0
434,5.935,226.080123901367
435,5.949,243.949249267578
436,5.963,204.899658203125
437,5.976,0
438,5.990,255.422409057617
